-- phpMyAdmin SQL Dump
-- version 5.1.0
-- https://www.phpmyadmin.net/
--
-- 主機： 127.0.0.1
-- 產生時間： 2021-12-19 09:10:58
-- 伺服器版本： 10.4.18-MariaDB-log
-- PHP 版本： 7.4.16

SET SQL_MODE = "NO_AUTO_VALUE_ON_ZERO";
START TRANSACTION;
SET time_zone = "+00:00";


/*!40101 SET @OLD_CHARACTER_SET_CLIENT=@@CHARACTER_SET_CLIENT */;
/*!40101 SET @OLD_CHARACTER_SET_RESULTS=@@CHARACTER_SET_RESULTS */;
/*!40101 SET @OLD_COLLATION_CONNECTION=@@COLLATION_CONNECTION */;
/*!40101 SET NAMES utf8mb4 */;

--
-- 資料庫： `suiio`
--
CREATE DATABASE IF NOT EXISTS `suiio` DEFAULT CHARACTER SET utf8 COLLATE utf8_general_ci;
USE `suiio`;

-- --------------------------------------------------------

--
-- 資料表結構 `absentees`
--

DROP TABLE IF EXISTS `absentees`;
CREATE TABLE `absentees` (
  `conference` int(11) NOT NULL,
  `absentees` varchar(10) NOT NULL
) ENGINE=InnoDB DEFAULT CHARSET=utf8 COMMENT='缺席者';

--
-- 資料表新增資料前，先清除舊資料 `absentees`
--

TRUNCATE TABLE `absentees`;
--
-- 傾印資料表的資料 `absentees`
--

INSERT INTO `absentees` (`conference`, `absentees`) VALUES
(2, '活動長'),
(2, '資訊長'),
(3, '器材長'),
(3, '秘書長'),
(3, '美宣長');

-- --------------------------------------------------------

--
-- 資料表結構 `account`
--

DROP TABLE IF EXISTS `account`;
CREATE TABLE `account` (
  `ID` int(11) NOT NULL,
  `date` datetime NOT NULL,
  `category` int(11) NOT NULL,
  `name` varchar(20) NOT NULL,
  `amount` int(11) NOT NULL,
  `content` varchar(200) DEFAULT NULL,
  `receipt` varchar(50) NOT NULL,
  `status` char(1) NOT NULL,
  `uploadBy` varchar(10) NOT NULL
) ENGINE=InnoDB DEFAULT CHARSET=utf8 COMMENT='收支紀錄';

--
-- 資料表新增資料前，先清除舊資料 `account`
--

TRUNCATE TABLE `account`;
--
-- 傾印資料表的資料 `account`
--

INSERT INTO `account` (`ID`, `date`, `category`, `name`, `amount`, `content`, `receipt`, `status`, `uploadBy`) VALUES
(1, '2019-06-21 00:00:00', 0, '利息收入', 88, '存款利息收入\n', 'undefined', '1', '財務長'),
(2, '2019-06-28 00:00:00', 15, '籃球隊用品', -1922, '男籃球隊用品', 'undefined', '1', '體育長'),
(3, '2019-07-06 00:00:00', 0, '印章換新', -320, '因會章資訊未更新，需重新刻製。', 'undefined', '1', '財務長'),
(4, '2019-07-10 00:00:00', 0, '手續費', -50, '郵局更換印鑑', 'undefined', '1', '財務長'),
(5, '2019-07-22 00:00:00', 2, '場勘交通費', -1250, '', 'undefined', '1', '會長'),
(9, '2019-07-24 00:00:00', 2, '遊覽車訂金', -15600, '', 'undefined', '1', '公關長'),
(10, '2019-07-22 21:08:45', 0, '贊助收入', 1601, '街喜鍋 - 時尚迴轉鍋物 | 1,001 \r\n烏龍麵所 | 200\r\n痞客啡 Pico\'fe | 200\r\n牛仔Beef炙燒牛排 | 200', 'undefined', '1', '公關長'),
(11, '2019-07-24 00:00:00', 0, '贊助收入', 800, '呆豬House早餐 200\r\n破吐司早餐 100\r\n美綠早午餐 200\r\n肉蛋吐司 300', 'undefined', '1', '公關長'),
(12, '2019-07-24 00:00:00', 0, '影印費', -21, '印製贊助條例', 'undefined', '1', '公關長'),
(13, '2019-07-25 00:00:00', 0, '文具用品', -80, '印泥 | 80', 'undefined', '1', '財務長'),
(14, '2019-08-19 00:00:00', 0, '贊助收入', 600, '魯廣眾鮮蔬滷味 | 100\n藍獸亓關東煮 | 200\n包荷小麵 | 200\n有家炒飯 | 100', 'undefined', '1', '公關長'),
(15, '2019-08-20 00:00:00', 12, '茶會點心', -1186, '', 'undefined', '1', '生活長'),
(16, '2019-08-20 00:00:00', 2, '祭拜供品', -1768, '', 'undefined', '1', '生活長'),
(17, '2019-08-21 00:00:00', 2, '場勘交通費', -380, '', 'undefined', '1', '財務長'),
(18, '2019-08-22 00:00:00', 12, '影印費', -40, '新生茶會邀請卡 | 40', 'undefined', '1', '美宣長'),
(19, '2019-08-27 00:00:00', 0, '贊助收入', 1000, '日初冰屋 | 200 \nHello 早安 | 300 \n三個漢堡 | 200 \n阿珠麵店 | 300 ', 'undefined', '1', '公關長'),
(20, '2019-08-28 00:00:00', 12, '活動用品', -24, '數字籤', 'undefined', '1', '活動長'),
(21, '2019-08-28 00:00:00', 0, '影印費', -32, '科費繳交通知單 | 32', 'undefined', '1', '財務長'),
(22, '2019-08-28 00:00:00', 2, '影印費', -49, '活動行前通知單 | 49', 'undefined', '1', '活動長'),
(23, '2019-08-28 00:00:00', 0, '冷氣卡', -300, '購買 | 100\n儲值 | 200', 'undefined', '1', '財務長'),
(24, '2019-08-29 00:00:00', 12, '影印紙', -58, '', 'undefined', '1', '活動長'),
(25, '2019-08-30 00:00:00', 2, '影印費', -50, '家長同意書 | 50', 'undefined', '1', '活動長'),
(26, '2019-08-30 00:00:00', 0, '美宣用品', -128, '雙面膠、奇異筆', 'undefined', '1', '美宣長'),
(27, '2019-09-06 00:00:00', 0, '美宣用品', -99, '透明膠帶', 'undefined', '1', '美宣長'),
(28, '2019-09-06 00:00:00', 2, '夜遊用品', -270, '火把 | 270', 'undefined', '1', '公關長'),
(29, '2019-09-06 00:00:00', 2, '木炭', -398, '', 'undefined', '1', '器材長'),
(30, '2019-09-06 00:00:00', 2, '野炊用品', -1479, '紙盤、瓦斯罐、卡式爐、烤肉夾', 'undefined', '1', '生活長'),
(31, '2019-09-07 00:00:00', 0, '贊助收入', 200, '學會幹部贊助 | 200', 'undefined', '1', '公關長'),
(32, '2019-09-09 00:00:00', 0, '科費收入', 60000, '4000元 * 15人 | 60000', 'undefined', '1', '財務長'),
(33, '2019-09-10 00:00:00', 0, '科費收入', 44000, '4000元 * 11人 | 44000', 'undefined', '1', '財務長'),
(34, '2019-09-10 00:00:00', 2, '活動用品', -217, '垃圾袋、麵粉、紙杯', 'undefined', '1', '活動長'),
(35, '2019-09-11 00:00:00', 0, '科費收入', 40000, '4000元 * 10人 | 40000', 'undefined', '1', '財務長'),
(36, '2019-09-11 00:00:00', 2, '活動用品', -218, '刮鬍泡', 'undefined', '1', '活動長'),
(37, '2019-09-12 00:00:00', 2, '影印費', -35, '家長同意書', 'undefined', '1', '活動長'),
(38, '2019-09-12 00:00:00', 0, '影印費', -6, '科費減免單、科費轉出單', 'undefined', '1', '財務長'),
(39, '2019-09-12 00:00:00', 0, '科費收入', 2000, '科費減免 (4000 - 2000)元 * 1人 | 2000', 'undefined', '1', '財務長'),
(40, '2019-09-12 00:00:00', 2, '燈光音響訂金', -4500, '', 'undefined', '1', '器材長'),
(41, '2019-09-12 00:00:00', 2, '活動用品', -143, '保鮮膜、紙盤、吸管', 'undefined', '1', '活動長'),
(42, '2019-09-12 00:00:00', 2, '夜遊用品', -295, '手套、火把', 'undefined', '1', '公關長'),
(43, '2019-09-16 00:00:00', 2, '活動用品', -449, '膠帶、絲襪、蠟筆、線、針', 'undefined', '1', '活動長'),
(44, '2019-09-16 00:00:00', 2, '夜遊用品', -200, '白布', 'undefined', '1', '公關長'),
(45, '2019-09-16 00:00:00', 2, '美宣用品', -395, '油漆筆、水彩、氣球、瓦楞紙、紙', 'undefined', '1', '美宣長'),
(46, '2019-09-16 00:00:00', 0, '轉科退費', -5400, '一升二 1800 * 3人 | 5400', 'undefined', '1', '財務長'),
(47, '2019-09-16 00:00:00', 0, '科費收入', 40000, '4000元 * 10人 | 40000', 'undefined', '1', '財務長'),
(48, '2019-09-17 00:00:00', 0, '科費收入', 12000, '4000元 * 3人 | 12000', 'undefined', '1', '財務長'),
(49, '2019-09-18 00:00:00', 0, '科費收入', 12000, '4000元 * 3人 | 12000', 'undefined', '1', '財務長'),
(50, '2019-09-18 00:00:00', 0, '轉科退費', -1800, '一升二 1800 * 1人 | 1800', 'undefined', '1', '財務長'),
(51, '2019-09-19 00:00:00', 2, '場勘交通費', -1790, '', 'undefined', '1', '財務長'),
(52, '2019-09-22 00:00:00', 0, '贊助收入', 200, '勃根地桌遊休閒館 | 200', 'undefined', '1', '公關長'),
(53, '2019-09-25 00:00:00', 2, '夜遊用品', -119, '爆炸頭 | 119', 'undefined', '1', '公關長'),
(54, '2019-09-25 00:00:00', 2, '活動用品', -108, '麵粉、保鮮盒', 'undefined', '1', '活動長'),
(55, '2019-09-25 00:00:00', 2, '野炊食材', -284, '麵、調味料、洋蔥、水', 'undefined', '1', '生活長'),
(56, '2019-09-26 00:00:00', 2, '影印費', -72, '大迎新企劃書及人員名單', 'undefined', '1', '活動長'),
(57, '2019-09-27 00:00:00', 15, '報名費', -1200, '女籃球隊 系科盃籃球比賽 報名費', 'undefined', '1', '體育長'),
(58, '2019-09-30 00:00:00', 2, '場勘交通費', -1590, '', 'undefined', '1', '財務長'),
(59, '2019-10-01 00:00:00', 2, '活動用品', -213, '膠帶', 'undefined', '1', '活動長'),
(60, '2019-10-03 00:00:00', 2, '野炊食材及用品', -377, '麵、白醬塊、湯碗、免洗筷、煎匙、刨刀', 'undefined', '1', '生活長'),
(61, '2019-10-03 00:00:00', 2, '平安符及金紙', -550, '', 'undefined', '1', '公關長'),
(62, '2019-10-03 00:00:00', 0, '轉科退費', -300, '三升四 300 * 1人 | 300', 'undefined', '1', '財務長'),
(63, '2019-10-04 00:00:00', 0, '醫療用品', -540, '藥用酒精', 'undefined', '1', '會長'),
(64, '2019-10-04 00:00:00', 0, '財務用品', -84, '收據本及紅包袋', 'undefined', '1', '財務長'),
(65, '2019-10-07 00:00:00', 2, '場勘交通費', -2635, '', 'undefined', '1', '活動長'),
(66, '2019-10-07 00:00:00', 2, '影印費', -97, '', 'undefined', '1', '活動長'),
(67, '2019-10-07 00:00:00', 2, '活動收入', 5200, '1300 * 4人 | 5200', 'undefined', '1', '財務長'),
(68, '2019-10-08 00:00:00', 2, '活動收入', 6500, '1300 * 5人 | 6500', 'undefined', '1', '財務長'),
(69, '2019-10-09 00:00:00', 2, '活動收入', 5200, '1300 * 4人 | 5200', 'undefined', '1', '財務長'),
(70, '2019-10-14 00:00:00', 15, '球衣補助', -7200, '男籃球隊 球衣補助', 'undefined', '1', '體育長'),
(71, '2019-10-14 00:00:00', 15, '報名費', -2400, '男籃球隊', 'undefined', '1', '體育長'),
(72, '2019-10-14 00:00:00', 2, '場勘交通費', -610, '', 'undefined', '1', '活動長'),
(73, '2019-10-14 00:00:00', 0, '科服', -22440, '', 'undefined', '1', '美宣長'),
(74, '2019-10-14 00:00:00', 2, '美宣用品', -336, '紙', 'undefined', '1', '美宣長'),
(75, '2019-10-14 00:00:00', 2, '活動收入', 5200, '1300 * 4人 | 5200', 'undefined', '1', '財務長'),
(76, '2019-10-15 00:00:00', 0, '科服收入', 7800, '300 * 26人 | 7800', 'undefined', '1', '財務長'),
(77, '2019-10-14 00:00:00', 0, '科服收入', 300, '300 * 1人 | 300', 'undefined', '1', '財務長'),
(78, '2019-10-15 00:00:00', 2, '野炊食材及用品', -8107, '', 'undefined', '1', '生活長'),
(79, '2019-10-16 00:00:00', 2, '活動收入', 1300, '1300 * 1人 | 1300', 'undefined', '1', '財務長'),
(80, '2019-10-16 00:00:00', 0, '科服收入', 900, '300 * 3人 | 900', 'undefined', '1', '財務長'),
(81, '2019-10-16 00:00:00', 2, '活動手冊', -2009, '', 'undefined', '1', '美宣長'),
(82, '2019-10-16 00:00:00', 2, '美宣用品', -272, '護貝紙、奇異筆', 'undefined', '1', '美宣長'),
(83, '2019-10-16 00:00:00', 2, '影印費', -23, '簽到表', 'undefined', '1', '活動長'),
(84, '2019-10-16 00:00:00', 0, '文具用品', -222, '膠帶', 'undefined', '1', '活動長'),
(85, '2019-10-16 00:00:00', 2, '活動用品', -402, '', 'undefined', '1', '活動長'),
(86, '2019-10-16 00:00:00', 2, '野炊食材及用品', -1512, '', 'undefined', '1', '生活長'),
(87, '2019-10-16 00:00:00', 2, '飲用水', -245, '', 'undefined', '1', '生活長'),
(88, '2019-10-16 00:00:00', 2, '晚會用品', -228, '面具、鐵絲', 'undefined', '1', '體育長'),
(89, '2019-10-17 00:00:00', 2, '美宣用品', -209, '護貝紙', 'undefined', '1', '美宣長'),
(90, '2019-10-17 00:00:00', 2, '飲用水', -5400, '', 'undefined', '1', '生活長'),
(91, '2019-10-17 00:00:00', 2, '野炊食材', -3097, '', 'undefined', '1', '生活長'),
(92, '2019-10-17 00:00:00', 0, '器材用品', -1340, '延長線', 'undefined', '1', '器材長'),
(93, '2019-10-17 00:00:00', 2, '祭拜用品', -520, '', 'undefined', '1', '公關長'),
(94, '2019-10-17 00:00:00', 2, '祭拜用品', -300, '金爐', 'undefined', '1', '公關長'),
(95, '2019-10-18 00:00:00', 2, '保險費用', -6222, '', 'undefined', '1', '活動長'),
(96, '2019-10-18 00:00:00', 2, '活動收入', 1300, '1300 * 1人 | 1300', 'undefined', '1', '財務長'),
(97, '2019-10-18 00:00:00', 0, '科服收入', 2100, '300 * 7人 | 2100', 'undefined', '1', '財務長'),
(98, '2019-10-18 00:00:00', 2, '飲用水', -436, '', 'undefined', '1', '生活長'),
(99, '2019-10-18 00:00:00', 2, '野炊用品', -444, '瓦斯罐(12入) | 444', 'undefined', '1', '生活長'),
(100, '2019-10-18 00:00:00', 2, '器材用品', -534, '膠帶、哨子、電池', 'undefined', '1', '器材長'),
(101, '2019-10-20 00:00:00', 2, '烤肉用品', -13000, '', 'undefined', '1', '生活長'),
(102, '2019-10-20 00:00:00', 2, '遊覽車尾款', -36400, '', 'undefined', '1', '公關長'),
(103, '2019-10-20 00:00:00', 2, '器材用品', -19750, '', 'undefined', '1', '器材長'),
(104, '2019-10-20 00:00:00', 2, '晚會用品', -2840, '營火木材', 'undefined', '1', '體育長'),
(105, '2019-10-20 00:00:00', 2, '燈光音響尾款', -10500, '', 'undefined', '1', '器材長'),
(106, '2019-10-20 00:00:00', 2, '器材用品', -2400, '無線電租金', 'undefined', '1', '器材長'),
(107, '2019-10-20 00:00:00', 2, '野炊食材及用品', -3202, '', 'undefined', '1', '生活長'),
(108, '2019-10-20 00:00:00', 2, '先遣交通費', -735, '', 'undefined', '1', '體育長'),
(109, '2019-10-20 00:00:00', 2, '紅包費用', -9400, '司機 | 1200\n學長姐 | 8200', 'undefined', '1', '財務長'),
(110, '2019-10-20 00:00:00', 2, '野炊食材及用品', -7220, '', 'undefined', '1', '生活長'),
(111, '2019-10-20 00:00:00', 2, '活動用品', -99, '喉糖、芥末', 'undefined', '1', '活動長'),
(112, '2019-10-20 00:00:00', 2, '影印費', -108, '', 'undefined', '1', '活動長'),
(113, '2019-10-25 00:00:00', 2, '還願用品', -606, '金紙、供品', 'undefined', '1', '財務長'),
(114, '2019-10-25 00:00:00', 0, 'All Pass 糖', -433, '糖果、卡片、包裝紙', 'undefined', '1', '財務長'),
(115, '2019-11-06 00:00:00', 0, '科費收入', 2000, '分期1/2 (4000 / 2)元 * 1人 | 2000', 'undefined', '1', '財務長'),
(116, '2019-11-14 00:00:00', 0, '感謝狀紙', -128, '', 'undefined', '1', '公關長'),
(117, '2019-11-20 00:00:00', 15, '報名費', -8500, '女籃球隊 中資杯 報名費 | 5500\n男籃球隊 中資杯 報名費 | 3000', 'undefined', '1', '體育長'),
(118, '2019-11-22 00:00:00', 0, '比賽獎金', -1800, '躲避球比賽獎金', 'undefined', '1', '體育長'),
(119, '2019-11-27 00:00:00', 0, '科費收入', 4200, '二年級 分期1/2 (3200 / 2)元 * 3人 | 4200', 'undefined', '1', '財務長'),
(120, '2019-11-29 00:00:00', 15, '紅色緞帶', -128, '', 'undefined', '1', '體育長'),
(121, '2019-11-29 00:00:00', 15, '精神總錦標獎勵', 20000, 'OK禮卷', 'undefined', '1', '財務長'),
(122, '2019-12-01 00:00:00', 16, '影印費', -265, '海報、宣傳單', 'undefined', '1', '美宣長'),
(123, '2019-12-01 00:00:00', 16, '攤位食材及用品', -4197, '', 'undefined', '1', '生活長'),
(124, '2019-12-01 00:00:00', 16, '攤位收入', 9985, '', 'undefined', '1', '財務長'),
(125, '2019-12-03 00:00:00', 0, '科費收入', 2000, '', 'undefined', '1', '財務長'),
(126, '2019-12-05 00:00:00', 0, '贊助收入', 400, '', 'undefined', '1', '公關長'),
(127, '2019-12-09 00:00:00', 0, '科費收入', 4900, '', 'undefined', '1', '財務長'),
(128, '2019-12-11 00:00:00', 0, '科費收入', 2400, '', 'undefined', '1', '財務長'),
(129, '2019-12-05 00:00:00', 4, '燈光音響訂金', -2500, '收據於尾款交付時給予', 'undefined', '1', '器材長'),
(130, '2019-12-11 00:00:00', 15, '桌球比賽獎金', -1700, 'OK禮券', 'undefined', '1', '器材長'),
(131, '2019-12-19 00:00:00', 4, '聖誕小卡收入', 850, '10 * 85張 | 850', 'undefined', '1', '財務長'),
(132, '2019-12-19 00:00:00', 4, '活動收入', 1875, '1人收費150元，有非本科系或資工系學生參加，收入依比例分配，故無法整除', 'undefined', '1', '財務長'),
(133, '2019-12-20 00:00:00', 4, '活動食材與用具', -5564, '資管:資工 = 7:3\n7948 * 0.7 = 5564', 'undefined', '1', '生活長'),
(134, '2019-12-20 00:00:00', 4, '美宣用品', -956, '包裝紙、海報、工作牌\n資管:資工 = 5:5\n1912 / 2 = 956', 'undefined', '1', '美宣長'),
(135, '2019-12-20 00:00:00', 4, '器材用品', -199, '彩燈、垃圾袋\n資管:資工 = 5:5\n398 / 2 = 199', 'undefined', '1', '器材長'),
(136, '2019-12-20 00:00:00', 4, '抽獎品項', -1147, '資管:資工 = 5:5\n2294 / 2 = 1147', 'undefined', '1', '活動長'),
(137, '2019-12-20 00:00:00', 4, '燈光音響尾款', -2500, '資管:資工 = 5:5\n5000 / 2 = 2500', 'undefined', '1', '器材長'),
(138, '2019-12-20 00:00:00', 0, '美宣用品', -122, '剪刀、膠帶、標籤', 'undefined', '1', '美宣長'),
(139, '2019-12-20 00:00:00', 15, '球隊用品', -1394, '女籃球隊 球、球袋', 'undefined', '1', '體育長'),
(140, '2019-12-20 00:00:00', 4, '冬至湯圓', -750, '湯圓、薑', 'undefined', '1', '生活長'),
(141, '2019-12-27 00:00:00', 15, '球衣補助', -1500, '女籃球隊 (部分申請)', 'undefined', '1', '體育長'),
(142, '2020-01-01 00:00:00', 0, '利息收入', 98, '存款利息收入', 'undefined', '1', '財務長'),
(143, '2020-03-16 00:00:00', 15, '男籃比賽', -2400, '', 'undefined', '1', '體育長'),
(144, '2020-03-16 00:00:00', 15, '女籃比賽', -1100, '', 'undefined', '1', '體育長'),
(145, '2020-03-16 00:00:00', 15, '裁判費用', -1700, '', 'undefined', '1', '體育長'),
(146, '2020-03-26 00:00:00', 14, '活動食材', -2041, '餅乾、奶酪材料費', 'undefined', '1', '會長'),
(147, '2020-03-26 00:00:00', 14, '小卡', -57, '', 'undefined', '1', '活動長'),
(148, '2020-03-26 00:00:00', 14, '影印費', -180, '活動海報', 'undefined', '1', '美宣長'),
(149, '2020-03-26 00:00:00', 14, '活動收入', 4170, '', 'undefined', '1', '財務長'),
(150, '2020-05-11 00:00:00', 0, '科費收入', 1200, '補繳(二升三)', 'undefined', '1', '財務長'),
(152, '2019-06-01 00:00:00', 0, '上期結餘', 71892, NULL, 'undefined', '1', '財務長'),
(153, '2020-07-07 00:00:00', 0, '手續費', -50, '郵局更換印鑑', 'undefined', '0', '財務長'),
(154, '2020-07-09 00:00:00', 12, '影印費', -165, '新生茶會邀請卡', 'undefined', '0', '美宣長'),
(155, '2020-07-20 00:00:00', 2, '燈光音響訂金', -3000, '', 'undefined', '0', '器材長'),
(156, '2020-07-28 00:00:00', 2, '科服訂金', -16530, '', 'undefined', '0', '美宣長'),
(157, '2020-08-06 00:00:00', 2, '科費收入', 1200, '補繳(二升三) 1200元 * 1人 | 1200', 'undefined', '0', '財務長'),
(158, '2020-08-10 00:00:00', 2, '贊助收入', 8850, '京燉滷味	| 500\n德記中醫診所 | 300\n莊家飯館 | 200\n牛排&泰式咖喱 | 100\n紅雲臭臭鍋 | 100\n九州拉麵 | 100\n永成化工 | 200\n鳳梅冰 | 200\n三喜蛋餅 | 500\n藍獸 | 200\n新滋味豆花 | 100\n蚤到寶 | 100\n城市漢堡 | 500\n古津 | 100\nSingle place | 200\n牛巴巴 | 50\n藍獸亓 | 200\n丞皇國際企業有', 'undefined', '0', '公關長'),
(159, '2020-08-14 00:00:00', 2, '美宣用品', -118, '紙', 'undefined', '0', '美宣長'),
(160, '2020-08-14 00:00:00', 0, '贊助回饋', -128, '獎狀紙', 'undefined', '0', '公關長'),
(161, '2020-08-18 00:00:00', 2, '活動用品', -404, '桌球\n黏土\n眼罩\n氣球', 'undefined', '0', '活動長'),
(162, '2020-06-21 00:00:00', 0, '利息收入', 74, '存款利息收入', 'undefined', '1', '財務長'),
(163, '2020-06-01 00:00:00', 18, '送舊', -10030, '乾燥花', 'undefined', '1', '器材長'),
(164, '2020-06-22 00:00:00', 15, '老人盃', -3500, '球類競賽', 'undefined', '1', '體育長'),
(165, '2020-08-27 00:00:00', 12, '茶會點心', -1461, '禮卷700元', 'undefined', '0', '生活長'),
(166, '2020-08-28 00:00:00', 2, '美宣用品', -24, '紙', 'undefined', '0', '美宣長'),
(167, '2020-09-03 00:00:00', 2, '夜遊用品', -165, '', 'undefined', '0', '公關長'),
(168, '2020-09-03 00:00:00', 0, '冷氣卡', -200, '儲值 | 200', 'undefined', '0', '財務長'),
(169, '2020-09-05 00:00:00', 2, '場勘交通費', -10030, '匯款', '', '0', '財務長'),
(170, '2020-09-08 00:00:00', 2, '美宣用品', -845, '吊牌', '', '0', '美宣長'),
(171, '2020-09-08 00:00:00', 0, '贊助收入', 2850, '米格納廣告事業有限公司 | 500\r\n水云茶室 | 200\r\n影印店 | 100\r\n-- | 50\r\n髮廊折價卷50張\r\n幹部贊助 | 2000', '', '0', '公關長'),
(172, '2020-09-14 00:00:00', 0, '科費收入', 157050, '4000元 * 39人 | 156000\n150元 * 3人 | 1050', '', '0', '財務長'),
(173, '2020-09-14 00:00:00', 2, '美宣用品', -159, '護貝膜', '', '0', '美宣長'),
(174, '2020-09-15 00:00:00', 0, '科費收入', 53400, '4000元 * 13人 | 5200\n350元 * 4人 | 1400', '', '0', '財務長'),
(175, '2020-09-15 00:00:00', 0, '財務用品', -161, '印尼、收據本', '', '0', '財務長'),
(176, '2020-09-16 00:00:00', 2, '場地訂金', -55030, '匯款', '', '0', '財務長'),
(177, '2020-09-16 00:00:00', 0, '科費收入', 21400, '4000元 * 5人 | 20000\n350元 * 4人 | 1400', '', '0', '財務長'),
(178, '2020-09-17 00:00:00', 0, '科費收入', 16000, '4000元 * 4人 | 16000', '', '0', '財務長'),
(179, '2020-09-18 00:00:00', 0, '科費收入', 18500, '4000元 * 4人 | 16000\n2500元 * 1人(減免) | 2500', '', '0', '財務長'),
(180, '2020-09-22 00:00:00', 2, '活動收入', 4500, '1500元 * 3人 | 4500', '', '0', '財務長'),
(181, '2020-09-22 00:00:00', 2, '食材用品', -114, '', '', '2', '生活長'),
(182, '2020-09-23 00:00:00', 0, '科費收入', 8000, '4000元 * 2人 | 8000', '', '2', '財務長'),
(183, '2020-09-23 00:00:00', 2, '活動收入', 1500, '1500元 * 1人 | 1500', '', '2', '財務長'),
(184, '2020-09-23 00:00:00', 0, '科服尾款', -16530, '匯款\n2020/07/28 訂金 - 16530\n科服花費共計 33060', '', '2', '美宣長'),
(185, '2020-09-24 00:00:00', 0, '科費收入', 12000, '4000元 * 3人 | 12000', '', '2', '財務長'),
(186, '2020-09-24 00:00:00', 2, '活動收入', 1500, '1500元 * 1人 | 1500', '', '2', '財務長'),
(187, '2020-09-25 00:00:00', 0, '科費收入', 4000, '4000元 * 1人 | 4000', '', '1', '財務長'),
(188, '2020-09-25 00:00:00', 0, '科服收入', 1400, '350元 * 4人 | 1400', '', '1', '財務長'),
(189, '2020-09-25 00:00:00', 2, '活動收入', 7500, '1500元 * 5人 | 7500', '', '4', '財務長');

--
-- 觸發器 `account`
--
DROP TRIGGER IF EXISTS `account_DELETE`;
DELIMITER $$
CREATE TRIGGER `account_DELETE` AFTER DELETE ON `account` FOR EACH ROW BEGIN

INSERT INTO logs (who,action,content,type,objectID) VALUES ((SELECT sID FROM officer WHERE officer.position=OLD.uploadBy),"刪除","收支","account",OLD.ID);

END
$$
DELIMITER ;
DROP TRIGGER IF EXISTS `account_INSERT`;
DELIMITER $$
CREATE TRIGGER `account_INSERT` AFTER INSERT ON `account` FOR EACH ROW BEGIN

INSERT INTO logs (who,action,content,type,objectID) VALUES ((SELECT sID FROM officer WHERE officer.position=NEW.uploadBy),"新增","收支","account",NEW.ID);

END
$$
DELIMITER ;
DROP TRIGGER IF EXISTS `account_UPDATE_CONTENT`;
DELIMITER $$
CREATE TRIGGER `account_UPDATE_CONTENT` AFTER UPDATE ON `account` FOR EACH ROW IF OLD.status = NEW.status THEN
INSERT INTO logs (who,action,content,type,objectID) VALUES ((SELECT sID FROM officer WHERE officer.position=NEW.uploadBy),"修改","收支","account",OLD.ID);
END IF
$$
DELIMITER ;
DROP TRIGGER IF EXISTS `account_UPDATE_STATUS`;
DELIMITER $$
CREATE TRIGGER `account_UPDATE_STATUS` AFTER UPDATE ON `account` FOR EACH ROW IF OLD.status <> NEW.status THEN
INSERT INTO logs (who,action,content,type,objectID) VALUES ((SELECT sID FROM officer WHERE officer.position=NEW.uploadBy),"修改",NEW.status,"account",OLD.ID);
END IF
$$
DELIMITER ;

-- --------------------------------------------------------

--
-- 資料表結構 `account_comment`
--

DROP TABLE IF EXISTS `account_comment`;
CREATE TABLE `account_comment` (
  `accountID` int(11) NOT NULL,
  `commentID` int(11) NOT NULL
) ENGINE=InnoDB DEFAULT CHARSET=utf8;

--
-- 資料表新增資料前，先清除舊資料 `account_comment`
--

TRUNCATE TABLE `account_comment`;
--
-- 傾印資料表的資料 `account_comment`
--

INSERT INTO `account_comment` (`accountID`, `commentID`) VALUES
(1, 2),
(1, 3),
(145, 9),
(146, 16),
(146, 17),
(149, 8),
(150, 13),
(150, 21),
(151, 1),
(151, 4),
(162, 12),
(163, 7),
(163, 14),
(163, 15),
(164, 5),
(164, 6);

-- --------------------------------------------------------

--
-- 資料表結構 `attendees`
--

DROP TABLE IF EXISTS `attendees`;
CREATE TABLE `attendees` (
  `conference` int(11) NOT NULL,
  `attendees` varchar(10) NOT NULL
) ENGINE=InnoDB DEFAULT CHARSET=utf8 COMMENT='出席者';

--
-- 資料表新增資料前，先清除舊資料 `attendees`
--

TRUNCATE TABLE `attendees`;
--
-- 傾印資料表的資料 `attendees`
--

INSERT INTO `attendees` (`conference`, `attendees`) VALUES
(1, '公關長'),
(1, '副會長'),
(1, '器材長'),
(1, '活動長'),
(1, '秘書長'),
(1, '美宣長'),
(1, '財務長'),
(1, '資訊長'),
(2, '公關長'),
(2, '副會長'),
(2, '器材長'),
(2, '秘書長'),
(2, '美宣長'),
(2, '財務長'),
(3, '公關長'),
(3, '副會長'),
(3, '活動長'),
(3, '財務長'),
(3, '資訊長'),
(4, '公關長'),
(4, '副會長'),
(4, '器材長'),
(4, '活動長'),
(4, '秘書長'),
(4, '美宣長'),
(4, '財務長'),
(4, '資訊長'),
(5, '公關長'),
(5, '副會長'),
(5, '器材長'),
(5, '活動長'),
(5, '秘書長'),
(5, '美宣長'),
(5, '財務長'),
(5, '資訊長'),
(6, '公關長'),
(6, '副會長'),
(6, '器材長'),
(6, '活動長'),
(6, '秘書長'),
(6, '美宣長'),
(6, '財務長'),
(6, '資訊長'),
(7, '公關長'),
(7, '副會長'),
(7, '器材長'),
(7, '活動長'),
(7, '秘書長'),
(7, '美宣長'),
(7, '財務長'),
(7, '資訊長'),
(8, '公關長'),
(8, '副會長'),
(8, '器材長'),
(8, '活動長'),
(8, '秘書長'),
(8, '美宣長'),
(8, '財務長'),
(8, '資訊長'),
(9, '公關長'),
(9, '副會長'),
(9, '器材長'),
(9, '活動長'),
(9, '秘書長'),
(9, '美宣長'),
(9, '財務長'),
(9, '資訊長'),
(10, '公關長'),
(10, '副會長'),
(10, '器材長'),
(10, '活動長'),
(10, '秘書長'),
(10, '美宣長'),
(10, '財務長'),
(10, '資訊長'),
(11, '公關長'),
(11, '副會長'),
(11, '器材長'),
(11, '活動長'),
(11, '秘書長'),
(11, '美宣長'),
(11, '財務長'),
(11, '資訊長'),
(12, '公關長'),
(12, '副會長'),
(12, '器材長'),
(12, '活動長'),
(12, '秘書長'),
(12, '美宣長'),
(12, '財務長'),
(12, '資訊長'),
(13, '公關長'),
(13, '副會長'),
(13, '器材長'),
(13, '活動長'),
(13, '秘書長'),
(13, '美宣長'),
(13, '財務長'),
(13, '資訊長'),
(14, '公關長'),
(14, '副會長'),
(14, '器材長'),
(14, '活動長'),
(14, '秘書長'),
(14, '美宣長'),
(14, '財務長'),
(14, '資訊長'),
(15, '公關長'),
(15, '副會長'),
(15, '器材長'),
(15, '活動長'),
(15, '秘書長'),
(15, '美宣長'),
(15, '財務長'),
(15, '資訊長'),
(16, '公關長'),
(16, '副會長'),
(16, '器材長'),
(16, '活動長'),
(16, '秘書長'),
(16, '美宣長'),
(16, '財務長'),
(16, '資訊長'),
(17, '公關長'),
(17, '副會長'),
(17, '器材長'),
(17, '活動長'),
(17, '秘書長'),
(17, '美宣長'),
(17, '財務長'),
(17, '資訊長');

-- --------------------------------------------------------

--
-- 資料表結構 `budget`
--

DROP TABLE IF EXISTS `budget`;
CREATE TABLE `budget` (
  `ID` int(11) NOT NULL,
  `cID` int(11) NOT NULL,
  `name` varchar(20) NOT NULL,
  `cost` int(11) NOT NULL,
  `date` date NOT NULL,
  `review` varchar(10) NOT NULL
) ENGINE=InnoDB DEFAULT CHARSET=utf8 COMMENT='預算';

--
-- 資料表新增資料前，先清除舊資料 `budget`
--

TRUNCATE TABLE `budget`;
-- --------------------------------------------------------

--
-- 資料表結構 `budgetcategory`
--

DROP TABLE IF EXISTS `budgetcategory`;
CREATE TABLE `budgetcategory` (
  `bID` int(11) NOT NULL,
  `category` varchar(10) NOT NULL
) ENGINE=InnoDB DEFAULT CHARSET=utf8 COMMENT='預算分類';

--
-- 資料表新增資料前，先清除舊資料 `budgetcategory`
--

TRUNCATE TABLE `budgetcategory`;
-- --------------------------------------------------------

--
-- 資料表結構 `category`
--

DROP TABLE IF EXISTS `category`;
CREATE TABLE `category` (
  `ID` int(11) NOT NULL,
  `name` varchar(10) NOT NULL,
  `status` int(1) NOT NULL
) ENGINE=InnoDB DEFAULT CHARSET=utf8 COMMENT='活動類別';

--
-- 資料表新增資料前，先清除舊資料 `category`
--

TRUNCATE TABLE `category`;
--
-- 傾印資料表的資料 `category`
--

INSERT INTO `category` (`ID`, `name`, `status`) VALUES
(0, '其他項目', 0),
(2, '大迎新', 0),
(4, '聖誕系列', 0),
(12, '新生茶會', 1),
(14, '資管週', 0),
(15, '體育項目', 0),
(16, '校慶活動', 0),
(18, '送舊', 0),
(21, '會長選舉', 0);

-- --------------------------------------------------------

--
-- 資料表結構 `comment`
--

DROP TABLE IF EXISTS `comment`;
CREATE TABLE `comment` (
  `ID` int(11) NOT NULL,
  `date` datetime NOT NULL,
  `content` varchar(500) NOT NULL,
  `status` char(1) NOT NULL,
  `isHide` tinyint(1) NOT NULL,
  `sID` char(10) NOT NULL
) ENGINE=InnoDB DEFAULT CHARSET=utf8 COMMENT='留言';

--
-- 資料表新增資料前，先清除舊資料 `comment`
--

TRUNCATE TABLE `comment`;
--
-- 傾印資料表的資料 `comment`
--

INSERT INTO `comment` (`ID`, `date`, `content`, `status`, `isHide`, `sID`) VALUES
(1, '2021-11-03 19:29:27', '5252', '0', 0, '1110634006'),
(2, '2021-11-03 20:58:32', '13223', '0', 0, '1110634006'),
(3, '2021-11-03 21:10:53', '123', '0', 0, '1110634006'),
(4, '2021-11-03 21:20:51', '222', '0', 0, '1110634006'),
(5, '2021-11-25 16:58:09', '花了好多錢', '0', 0, '1110634006'),
(6, '2021-11-25 17:01:29', '花了不少錢呢', '0', 0, '1110634006'),
(7, '2021-11-25 17:05:06', '花了好多錢', '0', 0, '1110634006'),
(8, '2021-11-25 17:08:09', '今年的收入好像比去年少', '0', 0, '1110634006'),
(9, '2021-11-27 20:00:29', '裁判費會不會太多', '0', 0, '1110634006'),
(10, '2021-11-27 20:03:07', '就只有這些嗎', '0', 0, '1110634006'),
(11, '2021-11-28 00:00:22', '好少', '0', 0, '1110634006'),
(12, '2021-11-29 02:24:53', '123', '0', 0, '1110634006'),
(13, '2021-11-29 02:26:00', 'tesay', '0', 0, '1110634006'),
(14, '2021-11-29 02:28:22', 'test', '0', 0, '1110634006'),
(15, '2021-11-29 02:29:41', 'test', '0', 0, '1110634006'),
(16, '2021-12-03 13:31:52', '5555555', '0', 0, '1110634006'),
(17, '2021-12-03 13:32:05', '6666666666666', '0', 1, '1110634006'),
(18, '2021-12-03 13:32:11', '我好會', '0', 0, '1110634006'),
(19, '2021-12-03 13:32:11', '我好會', '0', 0, '1110634006'),
(20, '2021-12-03 13:32:12', '我好會', '0', 0, '1110634006'),
(21, '2021-12-03 13:33:38', 'ILoveYou', '0', 0, '1110634006'),
(22, '2021-12-03 13:34:06', '為啥不能打空白', '0', 0, '1110634006'),
(23, '2021-12-03 13:34:20', '好爛', '0', 0, '1110634006'),
(24, '2021-12-03 13:34:21', '好爛', '0', 0, '1110634006'),
(25, '2021-12-03 13:58:42', '22222222222222222', '0', 0, '1110634006'),
(26, '2021-12-03 14:23:37', '5555555555555', '0', 0, '1110634006'),
(27, '2021-12-03 14:23:51', '9999999999999', '0', 0, '1110634006');

--
-- 觸發器 `comment`
--
DROP TRIGGER IF EXISTS `comment_DELETE`;
DELIMITER $$
CREATE TRIGGER `comment_DELETE` AFTER UPDATE ON `comment` FOR EACH ROW IF NEW.isHide = 1 THEN

INSERT INTO logs (who,action,content,type,objectID) VALUES (NEW.sID,"刪除","留言","comment",NEW.ID);

END IF
$$
DELIMITER ;
DROP TRIGGER IF EXISTS `comment_INSERT`;
DELIMITER $$
CREATE TRIGGER `comment_INSERT` AFTER INSERT ON `comment` FOR EACH ROW BEGIN

INSERT INTO logs (who,action,content,type,objectID) VALUES (NEW.sID,"新增","留言","comment",NEW.ID);

END
$$
DELIMITER ;
DROP TRIGGER IF EXISTS `comment_UPDATE_CONTENT`;
DELIMITER $$
CREATE TRIGGER `comment_UPDATE_CONTENT` AFTER UPDATE ON `comment` FOR EACH ROW IF (OLD.status = NEW.status && NEW.isHide <> 1)THEN

INSERT INTO logs (who,action,content,type,objectID) VALUES (NEW.sID,"修改","留言","comment",NEW.ID);

END IF
$$
DELIMITER ;
DROP TRIGGER IF EXISTS `comment_UPDATE_STATUS`;
DELIMITER $$
CREATE TRIGGER `comment_UPDATE_STATUS` AFTER UPDATE ON `comment` FOR EACH ROW IF OLD.status <> NEW.status THEN

INSERT INTO logs (who,action,content,type,objectID) VALUES (NEW.sID,"修改",NEW.status,"comment",NEW.ID);

END IF
$$
DELIMITER ;

-- --------------------------------------------------------

--
-- 資料表結構 `conference`
--

DROP TABLE IF EXISTS `conference`;
CREATE TABLE `conference` (
  `ID` int(11) NOT NULL,
  `category` int(11) NOT NULL,
  `name` varchar(20) NOT NULL,
  `date` date NOT NULL,
  `attached_file` varchar(50) DEFAULT NULL,
  `content` varchar(500) NOT NULL,
  `host` varchar(10) NOT NULL,
  `recorder` varchar(10) NOT NULL,
  `status` char(1) NOT NULL
) ENGINE=InnoDB DEFAULT CHARSET=utf8 COMMENT='會議紀錄';

--
-- 資料表新增資料前，先清除舊資料 `conference`
--

TRUNCATE TABLE `conference`;
--
-- 傾印資料表的資料 `conference`
--

INSERT INTO `conference` (`ID`, `category`, `name`, `date`, `attached_file`, `content`, `host`, `recorder`, `status`) VALUES
(1, 0, '【110】第01次例行會議', '2021-07-11', NULL, '一、報告事項\r\n活動長: 目前有初步規劃好新生茶會流程, 請各位查閱相關資料, 將於下周活動會議討論詳細內容\r\n財務長: 進行交接後核對帳目, 提醒各位有任何收支記得上傳到平台上\r\n器材長: 交接後器材盤點完成\r\n\r\n二、討論事項\r\n案由: 因應疫情爆發, 國內許多大型活動已延期停辦, 提請討論本會活動相關應變措施。\r\n說明: 目前主要討論迎新宿營之活動, 因場地需要提早預訂, 故希望活動籌畫階段不變, 先決定是否延期舉辦。\r\n決議: 延辦原定於110學年度第1學期舉辦之迎新宿營活動, 活動籌畫計畫不變, 待疫情趨緩擇日舉辦 [發布聲明]\r\n\r\n案由: 學會辦公室環境雜亂, 許多設備須更新, 提請討論擇期一同協助。\r\n說明: 大約花費一天, 與系會一起整理辦公室。\r\n決議: 下週五早上9點相約辦公室整理。\r\n\r\n三、臨時動議\r\n無', '會長', '副會長', '1'),
(2, 0, '【110】第02次例行會議', '2021-07-25', NULL, '一、報告事項\n活動長: 目前有初步規劃好新生茶會流程, 請各位查閱相關資料, 將於下周活動會議討論詳細內容\n財務長: 進行交接後核對帳目, 提醒各位有任何收支記得上傳到平台上\n器材長: 交接後器材盤點完成\n\n二、討論事項\n案由: 因應疫情爆發, 國內許多大型活動已延期停辦, 提請討論本會活動相關應變措施。\n說明: 目前主要討論迎新宿營之活動, 因場地需要提早預訂, 故希望活動籌畫階段不變, 先決定是否延期舉辦。\n決議: 延辦原定於110學年度第1學期舉辦之迎新宿營活動, 活動籌畫計畫不變, 待疫情趨緩擇日舉辦 [發布聲明]\n\n案由: 學會辦公室環境雜亂, 許多設備須更新, 提請討論擇期一同協助。\n說明: 大約花費一天, 與系會一起整理辦公室。\n決議: 下週五早上9點相約辦公室整理。\n\n三、臨時動議', '會長', '副會長', '1'),
(3, 0, '【110】第03次例行會議', '2021-08-08', NULL, '一、報告事項\n活動長: 目前有初步規劃好新生茶會流程, 請各位查閱相關資料, 將於下周活動會議討論詳細內容\n財務長: 進行交接後核對帳目, 提醒各位有任何收支記得上傳到平台上\n器材長: 交接後器材盤點完成\n\n二、討論事項\n案由: 因應疫情爆發, 國內許多大型活動已延期停辦, 提請討論本會活動相關應變措施。\n說明: 目前主要討論迎新宿營之活動, 因場地需要提早預訂, 故希望活動籌畫階段不變, 先決定是否延期舉辦。\n決議: 延辦原定於110學年度第1學期舉辦之迎新宿營活動, 活動籌畫計畫不變, 待疫情趨緩擇日舉辦 [發布聲明]\n\n案由: 學會辦公室環境雜亂, 許多設備須更新, 提請討論擇期一同協助。\n說明: 大約花費一天, 與系會一起整理辦公室。\n決議: 下週五早上9點相約辦公室整理。\n\n三、臨時動議', '會長', '副會長', '1'),
(4, 2, '【110】第01次活動規劃', '2021-07-18', NULL, '一、報告事項\n活動長: 目前有初步規劃好新生茶會流程, 請各位查閱相關資料, 將於下周活動會議討論詳細內容\n財務長: 進行交接後核對帳目, 提醒各位有任何收支記得上傳到平台上\n器材長: 交接後器材盤點完成\n\n二、討論事項\n案由: 因應疫情爆發, 國內許多大型活動已延期停辦, 提請討論本會活動相關應變措施。\n說明: 目前主要討論迎新宿營之活動, 因場地需要提早預訂, 故希望活動籌畫階段不變, 先決定是否延期舉辦。\n決議: 延辦原定於110學年度第1學期舉辦之迎新宿營活動, 活動籌畫計畫不變, 待疫情趨緩擇日舉辦 [發布聲明]\n\n案由: 學會辦公室環境雜亂, 許多設備須更新, 提請討論擇期一同協助。\n說明: 大約花費一天, 與系會一起整理辦公室。\n決議: 下週五早上9點相約辦公室整理。\n\n三、臨時動議', '活動長', '副會長', '1'),
(5, 12, '【110】第01次活動規劃', '2021-07-17', NULL, '一、報告事項\n活動長: 目前有初步規劃好新生茶會流程, 請各位查閱相關資料, 將於下周活動會議討論詳細內容\n財務長: 進行交接後核對帳目, 提醒各位有任何收支記得上傳到平台上\n器材長: 交接後器材盤點完成\n\n二、討論事項\n案由: 因應疫情爆發, 國內許多大型活動已延期停辦, 提請討論本會活動相關應變措施。\n說明: 目前主要討論迎新宿營之活動, 因場地需要提早預訂, 故希望活動籌畫階段不變, 先決定是否延期舉辦。\n決議: 延辦原定於110學年度第1學期舉辦之迎新宿營活動, 活動籌畫計畫不變, 待疫情趨緩擇日舉辦 [發布聲明]\n\n案由: 學會辦公室環境雜亂, 許多設備須更新, 提請討論擇期一同協助。\n說明: 大約花費一天, 與系會一起整理辦公室。\n決議: 下週五早上9點相約辦公室整理。\n\n三、臨時動議', '活動長', '副會長', '1'),
(6, 2, '【110】第02次活動規劃', '2021-08-01', NULL, '一、報告事項\n活動長: 目前有初步規劃好新生茶會流程, 請各位查閱相關資料, 將於下周活動會議討論詳細內容\n財務長: 進行交接後核對帳目, 提醒各位有任何收支記得上傳到平台上\n器材長: 交接後器材盤點完成\n\n二、討論事項\n案由: 因應疫情爆發, 國內許多大型活動已延期停辦, 提請討論本會活動相關應變措施。\n說明: 目前主要討論迎新宿營之活動, 因場地需要提早預訂, 故希望活動籌畫階段不變, 先決定是否延期舉辦。\n決議: 延辦原定於110學年度第1學期舉辦之迎新宿營活動, 活動籌畫計畫不變, 待疫情趨緩擇日舉辦 [發布聲明]\n\n案由: 學會辦公室環境雜亂, 許多設備須更新, 提請討論擇期一同協助。\n說明: 大約花費一天, 與系會一起整理辦公室。\n決議: 下週五早上9點相約辦公室整理。\n\n三、臨時動議', '活動長', '副會長', '1'),
(7, 2, '【110】第03次活動規劃', '2021-08-15', NULL, '一、報告事項\n活動長: 目前有初步規劃好新生茶會流程, 請各位查閱相關資料, 將於下周活動會議討論詳細內容\n財務長: 進行交接後核對帳目, 提醒各位有任何收支記得上傳到平台上\n器材長: 交接後器材盤點完成\n\n二、討論事項\n案由: 因應疫情爆發, 國內許多大型活動已延期停辦, 提請討論本會活動相關應變措施。\n說明: 目前主要討論迎新宿營之活動, 因場地需要提早預訂, 故希望活動籌畫階段不變, 先決定是否延期舉辦。\n決議: 延辦原定於110學年度第1學期舉辦之迎新宿營活動, 活動籌畫計畫不變, 待疫情趨緩擇日舉辦 [發布聲明]\n\n案由: 學會辦公室環境雜亂, 許多設備須更新, 提請討論擇期一同協助。\n說明: 大約花費一天, 與系會一起整理辦公室。\n決議: 下週五早上9點相約辦公室整理。\n\n三、臨時動議', '公關長', '副會長', '1'),
(8, 0, '【110】第04次活動規劃', '2021-08-22', NULL, '一、報告事項\n活動長: 目前有初步規劃好新生茶會流程, 請各位查閱相關資料, 將於下周活動會議討論詳細內容\n財務長: 進行交接後核對帳目, 提醒各位有任何收支記得上傳到平台上\n器材長: 交接後器材盤點完成\n\n二、討論事項\n案由: 因應疫情爆發, 國內許多大型活動已延期停辦, 提請討論本會活動相關應變措施。\n說明: 目前主要討論迎新宿營之活動, 因場地需要提早預訂, 故希望活動籌畫階段不變, 先決定是否延期舉辦。\n決議: 延辦原定於110學年度第1學期舉辦之迎新宿營活動, 活動籌畫計畫不變, 待疫情趨緩擇日舉辦 [發布聲明]\n\n案由: 學會辦公室環境雜亂, 許多設備須更新, 提請討論擇期一同協助。\n說明: 大約花費一天, 與系會一起整理辦公室。\n決議: 下週五早上9點相約辦公室整理。\n\n三、臨時動議', '秘書長', '副會長', '1'),
(9, 12, '【110】第02次活動規劃', '2021-09-06', NULL, '一、報告事項\n活動長: 目前有初步規劃好新生茶會流程, 請各位查閱相關資料, 將於下周活動會議討論詳細內容\n財務長: 進行交接後核對帳目, 提醒各位有任何收支記得上傳到平台上\n器材長: 交接後器材盤點完成\n\n二、討論事項\n案由: 因應疫情爆發, 國內許多大型活動已延期停辦, 提請討論本會活動相關應變措施。\n說明: 目前主要討論迎新宿營之活動, 因場地需要提早預訂, 故希望活動籌畫階段不變, 先決定是否延期舉辦。\n決議: 延辦原定於110學年度第1學期舉辦之迎新宿營活動, 活動籌畫計畫不變, 待疫情趨緩擇日舉辦 [發布聲明]\n\n案由: 學會辦公室環境雜亂, 許多設備須更新, 提請討論擇期一同協助。\n說明: 大約花費一天, 與系會一起整理辦公室。\n決議: 下週五早上9點相約辦公室整理。\n\n三、臨時動議', '會長', '副會長', '1'),
(10, 0, '【110】交接會議', '2021-07-01', NULL, '一、報告事項\n活動長: 目前有初步規劃好新生茶會流程, 請各位查閱相關資料, 將於下周活動會議討論詳細內容\n財務長: 進行交接後核對帳目, 提醒各位有任何收支記得上傳到平台上\n器材長: 交接後器材盤點完成\n\n二、討論事項\n案由: 因應疫情爆發, 國內許多大型活動已延期停辦, 提請討論本會活動相關應變措施。\n說明: 目前主要討論迎新宿營之活動, 因場地需要提早預訂, 故希望活動籌畫階段不變, 先決定是否延期舉辦。\n決議: 延辦原定於110學年度第1學期舉辦之迎新宿營活動, 活動籌畫計畫不變, 待疫情趨緩擇日舉辦 [發布聲明]\n\n案由: 學會辦公室環境雜亂, 許多設備須更新, 提請討論擇期一同協助。\n說明: 大約花費一天, 與系會一起整理辦公室。\n決議: 下週五早上9點相約辦公室整理。\n\n三、臨時動議', '會長', '副會長', '1'),
(11, 0, '【110】第05次例行會議', '2021-09-20', NULL, '--', '會長', '副會長', '1'),
(12, 2, '【110】第05次活動規劃', '2021-09-13', NULL, '--', '會長', '副會長', '1'),
(13, 0, '【109】第23次例行會議', '2021-06-21', NULL, '--', '會長', '副會長', '4'),
(14, 0, '【110】第06次例行會議', '2021-09-27', NULL, '--', '會長', '副會長', '1'),
(15, 0, '【110】第07次例行會議', '2021-10-04', NULL, '--', '會長', '副會長', '1'),
(16, 0, '【110】第08次例行會議', '2021-10-25', NULL, '-', '會長', '副會長', '1'),
(17, 0, '【110】第09次例行會議', '2021-11-01', NULL, '-', '會長', '副會長', '1');

--
-- 觸發器 `conference`
--
DROP TRIGGER IF EXISTS `conference_DELETE`;
DELIMITER $$
CREATE TRIGGER `conference_DELETE` AFTER DELETE ON `conference` FOR EACH ROW BEGIN

INSERT INTO logs (who,action,content,type,objectID) VALUES ((SELECT sID FROM officer WHERE officer.position=OLD.recorder),"刪除","會議記錄","conference",OLD.ID);

END
$$
DELIMITER ;
DROP TRIGGER IF EXISTS `conference_INSERT`;
DELIMITER $$
CREATE TRIGGER `conference_INSERT` AFTER INSERT ON `conference` FOR EACH ROW BEGIN

INSERT INTO logs (who,action,content,type,objectID) VALUES ((SELECT sID FROM officer WHERE officer.position=NEW.recorder),"新增","會議記錄","conference",NEW.ID);

END
$$
DELIMITER ;
DROP TRIGGER IF EXISTS `conference_UPDATE_CONTENT`;
DELIMITER $$
CREATE TRIGGER `conference_UPDATE_CONTENT` AFTER UPDATE ON `conference` FOR EACH ROW IF OLD.status = NEW.status THEN

INSERT INTO logs (who,action,content,type,objectID) VALUES ((SELECT sID FROM officer WHERE officer.position=OLD.recorder),"修改","會議記錄","conference",OLD.ID);

END IF
$$
DELIMITER ;
DROP TRIGGER IF EXISTS `conference_UPDATE_STATUS`;
DELIMITER $$
CREATE TRIGGER `conference_UPDATE_STATUS` AFTER UPDATE ON `conference` FOR EACH ROW IF OLD.status <> NEW.status THEN

INSERT INTO logs (who,action,content,type,objectID) VALUES ((SELECT sID FROM officer WHERE officer.position=OLD.recorder),"修改",NEW.status,"conference",OLD.ID);

END IF
$$
DELIMITER ;

-- --------------------------------------------------------

--
-- 資料表結構 `conference_comment`
--

DROP TABLE IF EXISTS `conference_comment`;
CREATE TABLE `conference_comment` (
  `conferenceID` int(11) NOT NULL,
  `commentID` int(11) NOT NULL
) ENGINE=InnoDB DEFAULT CHARSET=utf8;

--
-- 資料表新增資料前，先清除舊資料 `conference_comment`
--

TRUNCATE TABLE `conference_comment`;
-- --------------------------------------------------------

--
-- 資料表結構 `content`
--

DROP TABLE IF EXISTS `content`;
CREATE TABLE `content` (
  `statement` int(11) NOT NULL,
  `account` int(11) NOT NULL
) ENGINE=InnoDB DEFAULT CHARSET=utf8;

--
-- 資料表新增資料前，先清除舊資料 `content`
--

TRUNCATE TABLE `content`;
--
-- 傾印資料表的資料 `content`
--

INSERT INTO `content` (`statement`, `account`) VALUES
(1, 1),
(1, 2),
(1, 152),
(2, 3),
(2, 4),
(2, 5),
(2, 9),
(2, 10),
(2, 11),
(2, 12),
(2, 13),
(4, 14),
(4, 15),
(4, 16),
(4, 17),
(4, 18),
(4, 19),
(4, 20),
(4, 21),
(4, 22),
(4, 23),
(4, 24),
(4, 25),
(4, 26),
(5, 27),
(5, 28),
(5, 29),
(5, 30),
(5, 31),
(5, 32),
(5, 33),
(5, 34),
(5, 35),
(5, 36),
(5, 37),
(5, 38),
(5, 39),
(5, 40),
(5, 41),
(5, 42),
(5, 43),
(5, 44),
(5, 45),
(5, 46),
(5, 47),
(5, 48),
(5, 49),
(5, 50),
(5, 51),
(5, 52),
(5, 53),
(5, 54),
(5, 55),
(5, 56),
(5, 57),
(5, 58),
(6, 59),
(6, 60),
(6, 61),
(6, 62),
(6, 63),
(6, 64),
(6, 65),
(6, 66),
(6, 67),
(6, 68),
(6, 69),
(6, 70),
(6, 71),
(6, 72),
(6, 73),
(6, 74),
(6, 75),
(6, 76),
(6, 77),
(6, 78),
(6, 79),
(6, 80),
(6, 81),
(6, 82),
(6, 83),
(6, 84),
(6, 85),
(6, 86),
(6, 87),
(6, 88),
(6, 89),
(6, 90),
(6, 91),
(6, 92),
(6, 93),
(6, 94),
(6, 95),
(6, 96),
(6, 97),
(6, 98),
(6, 99),
(6, 100),
(6, 101),
(6, 102),
(6, 103),
(6, 104),
(6, 105),
(6, 106),
(6, 107),
(6, 108),
(6, 109),
(6, 110),
(6, 111),
(6, 112),
(6, 113),
(6, 114),
(7, 115),
(7, 116),
(7, 117),
(7, 118),
(7, 119),
(7, 120),
(7, 121),
(8, 122),
(8, 123),
(8, 124),
(8, 125),
(8, 126),
(8, 127),
(8, 128),
(8, 129),
(8, 130),
(8, 131),
(8, 132),
(8, 133),
(8, 134),
(8, 135),
(8, 136),
(8, 137),
(8, 138),
(8, 139),
(8, 140),
(8, 141),
(9, 142),
(11, 143),
(11, 144),
(11, 145),
(11, 146),
(11, 147),
(11, 148),
(11, 149),
(13, 150),
(14, 162),
(14, 163),
(14, 164);

-- --------------------------------------------------------

--
-- 資料表結構 `logs`
--

DROP TABLE IF EXISTS `logs`;
CREATE TABLE `logs` (
  `ID` int(11) NOT NULL,
  `timestamp` timestamp NOT NULL DEFAULT current_timestamp(),
  `who` char(10) NOT NULL,
  `action` varchar(20) NOT NULL,
  `content` varchar(20) NOT NULL,
  `type` varchar(20) NOT NULL,
  `objectID` int(11) NOT NULL
) ENGINE=InnoDB DEFAULT CHARSET=utf8 COMMENT='事件';

--
-- 資料表新增資料前，先清除舊資料 `logs`
--

TRUNCATE TABLE `logs`;
--
-- 傾印資料表的資料 `logs`
--

INSERT INTO `logs` (`ID`, `timestamp`, `who`, `action`, `content`, `type`, `objectID`) VALUES
(26, '2021-11-01 13:04:23', '1110634025', '刪除', '財務報表', 'statement', 0),
(27, '2021-11-01 13:04:37', '1110634025', '修改', '財務報表', 'statement', 1),
(28, '2021-11-01 13:05:12', '1110634025', '修改', '財務報表', 'statement', 2),
(29, '2021-11-01 13:05:33', '1110634025', '修改', '財務報表', 'statement', 4),
(30, '2021-11-01 13:06:14', '1110634025', '修改', '財務報表', 'statement', 5),
(31, '2021-11-01 13:06:42', '1110634025', '修改', '財務報表', 'statement', 6),
(32, '2021-11-01 13:07:17', '1110634025', '修改', '財務報表', 'statement', 7),
(33, '2021-11-01 13:07:40', '1110634025', '修改', '財務報表', 'statement', 8),
(34, '2021-11-01 13:07:56', '1110634025', '修改', '財務報表', 'statement', 9),
(35, '2021-11-01 13:08:05', '1110634025', '修改', '財務報表', 'statement', 10),
(36, '2021-11-01 16:01:19', '1110634025', '新增', '收支', 'account', 153),
(37, '2021-11-01 16:05:23', '1110634025', '新增', '收支', 'account', 154),
(38, '2021-11-01 16:10:51', '1110634002', '修改', '收支', 'account', 18),
(39, '2021-11-01 16:14:56', '1110634025', '新增', '收支', 'account', 155),
(40, '2021-11-01 16:18:38', '1110634025', '新增', '收支', 'account', 156),
(41, '2021-11-01 16:20:32', '1110634025', '新增', '收支', 'account', 157),
(42, '2021-11-01 16:28:49', '1110634025', '新增', '收支', 'account', 158),
(43, '2021-11-01 16:32:00', '1110634025', '修改', '收支', 'account', 157),
(44, '2021-11-01 16:32:10', '1110634025', '修改', '收支', 'account', 158),
(45, '2021-11-01 16:33:36', '1110634025', '新增', '收支', 'account', 159),
(46, '2021-11-01 16:34:11', '1110634025', '修改', '收支', 'account', 159),
(47, '2021-11-01 16:39:41', '1110634025', '新增', '收支', 'account', 160),
(48, '2021-11-01 16:40:45', '1110634025', '新增', '收支', 'account', 161),
(49, '2021-11-01 16:41:41', '1110634025', '新增', '財務報表', 'statement', 11),
(50, '2021-11-01 16:47:23', '1110634025', '新增', '財務報表', 'statement', 12),
(51, '2021-11-01 16:49:12', '1110634025', '新增', '財務報表', 'statement', 13),
(52, '2021-11-01 17:00:06', '1110634025', '修改', '財務報表', 'statement', 1),
(53, '2021-11-01 17:03:24', '1110634025', '修改', '財務報表', 'statement', 2),
(54, '2021-11-01 17:03:31', '1110634025', '修改', '財務報表', 'statement', 4),
(55, '2021-11-01 17:03:38', '1110634025', '修改', '財務報表', 'statement', 5),
(56, '2021-11-01 17:03:41', '1110634025', '修改', '財務報表', 'statement', 2),
(57, '2021-11-01 17:03:46', '1110634025', '修改', '財務報表', 'statement', 4),
(58, '2021-11-01 17:03:49', '1110634025', '修改', '財務報表', 'statement', 5),
(59, '2021-11-01 17:03:55', '1110634025', '修改', '財務報表', 'statement', 6),
(60, '2021-11-01 17:04:01', '1110634025', '修改', '財務報表', 'statement', 7),
(61, '2021-11-01 17:04:11', '1110634025', '修改', '財務報表', 'statement', 8),
(62, '2021-11-01 17:04:20', '1110634025', '修改', '財務報表', 'statement', 9),
(63, '2021-11-01 17:04:34', '1110634025', '修改', '財務報表', 'statement', 10),
(64, '2021-11-01 17:04:41', '1110634025', '修改', '財務報表', 'statement', 11),
(65, '2021-11-01 17:04:47', '1110634025', '修改', '財務報表', 'statement', 12),
(66, '2021-11-01 17:04:53', '1110634025', '修改', '財務報表', 'statement', 13),
(67, '2021-11-01 17:04:57', '1110634025', '修改', '1', 'statement', 5),
(68, '2021-11-01 17:04:59', '1110634025', '修改', '1', 'statement', 6),
(69, '2021-11-01 17:05:00', '1110634025', '修改', '1', 'statement', 7),
(70, '2021-11-01 17:05:03', '1110634025', '修改', '2', 'statement', 10),
(71, '2021-11-01 17:05:20', '1110634025', '修改', '1', 'statement', 10),
(72, '2021-11-01 17:05:22', '1110634025', '修改', '2', 'statement', 9),
(73, '2021-11-01 17:05:22', '1110634025', '修改', '財務報表', 'statement', 9),
(74, '2021-11-01 17:05:26', '1110634025', '修改', '2', 'statement', 8),
(75, '2021-11-01 17:05:26', '1110634025', '修改', '財務報表', 'statement', 8),
(76, '2021-11-01 17:05:35', '1110634025', '修改', '1', 'statement', 8),
(77, '2021-11-01 17:05:37', '1110634025', '修改', '1', 'statement', 9),
(78, '2021-11-01 17:06:27', '1110634025', '修改', '財務報表', 'statement', 11),
(79, '2021-11-01 17:06:38', '1110634025', '修改', '財務報表', 'statement', 12),
(80, '2021-11-01 17:06:51', '1110634025', '修改', '財務報表', 'statement', 13),
(81, '2021-11-01 17:07:00', '1110634025', '修改', '2', 'statement', 11),
(82, '2021-11-01 17:07:03', '1110634025', '修改', '1', 'statement', 11),
(83, '2021-11-01 17:07:05', '1110634025', '修改', '2', 'statement', 12),
(84, '2021-11-01 17:07:07', '1110634025', '修改', '1', 'statement', 12),
(85, '2021-11-01 17:07:09', '1110634025', '修改', '2', 'statement', 13),
(86, '2021-11-01 17:07:11', '1110634025', '修改', '1', 'statement', 13),
(87, '2021-11-03 11:29:27', '1110634006', '新增', '留言', 'comment', 1),
(88, '2021-11-03 12:58:32', '1110634006', '新增', '留言', 'comment', 2),
(89, '2021-11-03 13:10:53', '1110634006', '新增', '留言', 'comment', 3),
(90, '2021-11-03 13:20:51', '1110634006', '新增', '留言', 'comment', 4),
(91, '2021-11-04 15:39:44', '1110634025', '新增', '收支', 'account', 162),
(92, '2021-11-04 15:41:34', '1110634025', '新增', '收支', 'account', 163),
(93, '2021-11-04 15:42:08', '1110634025', '新增', '收支', 'account', 164),
(94, '2021-11-04 15:42:28', '1110634025', '新增', '財務報表', 'statement', 14),
(95, '2021-11-04 15:44:50', '1110634025', '修改', '財務報表', 'statement', 14),
(96, '2021-11-04 15:47:02', '1110634025', '修改', '2', 'statement', 14),
(97, '2021-11-04 15:47:05', '1110634025', '修改', '1', 'statement', 14),
(98, '2021-11-04 15:50:05', '1110634025', '新增', '收支', 'account', 165),
(99, '2021-11-04 15:50:39', '1110634025', '新增', '收支', 'account', 166),
(100, '2021-11-04 15:53:12', '1110634015', '修改', '收支', 'account', 163),
(101, '2021-11-04 15:53:53', '1110634041', '修改', '收支', 'account', 164),
(102, '2021-11-04 15:54:47', '1110634015', '修改', '2', 'account', 163),
(103, '2021-11-04 15:54:51', '1110634015', '修改', '1', 'account', 163),
(104, '2021-11-04 15:54:55', '1110634025', '修改', '2', 'account', 162),
(105, '2021-11-04 15:54:58', '1110634025', '修改', '1', 'account', 162),
(106, '2021-11-04 15:55:07', '1110634041', '修改', '2', 'account', 164),
(107, '2021-11-04 15:55:10', '1110634041', '修改', '1', 'account', 164),
(108, '2021-11-07 06:26:17', '1110634025', '修改', '財務報表', 'statement', 14),
(109, '2021-11-07 06:28:04', '1110634025', '修改', '收支', 'account', 152),
(110, '2021-11-09 14:17:06', '1110634029', '新增', '會議記錄', 'conference', 1),
(111, '2021-11-09 14:18:44', '1110634029', '刪除', '會議記錄', 'conference', 1),
(112, '2021-11-09 14:19:05', '1110634029', '新增', '會議記錄', 'conference', 1),
(113, '2021-11-10 07:44:30', '1110634029', '新增', '會議記錄', 'conference', 2),
(114, '2021-11-15 13:02:01', '1110634029', '刪除', '會議記錄', 'conference', 2),
(115, '2021-11-15 13:02:04', '1110634029', '刪除', '會議記錄', 'conference', 1),
(116, '2021-11-25 08:58:09', '1110634006', '新增', '留言', 'comment', 5),
(117, '2021-11-25 09:01:29', '1110634006', '新增', '留言', 'comment', 6),
(118, '2021-11-25 09:05:06', '1110634006', '新增', '留言', 'comment', 7),
(119, '2021-11-25 09:08:09', '1110634006', '新增', '留言', 'comment', 8),
(120, '2021-11-27 12:00:29', '1110634006', '新增', '留言', 'comment', 9),
(121, '2021-11-27 12:03:07', '1110634006', '新增', '留言', 'comment', 10),
(122, '2021-11-27 16:00:22', '1110634006', '新增', '留言', 'comment', 11),
(123, '2021-11-28 15:04:16', '1110634025', '新增', '收支', 'account', 167),
(124, '2021-11-28 15:05:36', '1110634025', '新增', '收支', 'account', 168),
(125, '2021-11-28 15:07:57', '1110634002', '修改', '收支', 'account', 154),
(126, '2021-11-28 15:08:07', '1110634015', '修改', '收支', 'account', 155),
(127, '2021-11-28 15:08:16', '1110634002', '修改', '收支', 'account', 156),
(128, '2021-11-28 15:08:28', '1110634003', '修改', '收支', 'account', 158),
(129, '2021-11-28 15:08:42', '1110634002', '修改', '收支', 'account', 159),
(130, '2021-11-28 15:08:54', '1110634003', '修改', '收支', 'account', 160),
(131, '2021-11-28 15:09:10', '1110634006', '修改', '收支', 'account', 161),
(132, '2021-11-28 15:09:16', '1110634004', '修改', '收支', 'account', 165),
(133, '2021-11-28 15:09:25', '1110634002', '修改', '收支', 'account', 166),
(134, '2021-11-28 15:09:35', '1110634003', '修改', '收支', 'account', 167),
(135, '2021-11-28 15:09:46', '1110634025', '修改', '收支', 'account', 168),
(136, '2021-11-28 15:12:32', '1110634025', '新增', '收支', 'account', 169),
(137, '2021-11-28 15:13:10', '1110634025', '修改', '0', 'account', 169),
(138, '2021-11-28 15:13:47', '1110634025', '修改', '收支', 'account', 169),
(139, '2021-11-28 15:34:15', '1110634002', '新增', '收支', 'account', 170),
(140, '2021-11-28 15:34:15', '1110634003', '新增', '收支', 'account', 171),
(141, '2021-11-28 15:34:15', '1110634025', '新增', '收支', 'account', 172),
(142, '2021-11-28 15:34:15', '1110634002', '新增', '收支', 'account', 173),
(143, '2021-11-28 15:34:15', '1110634025', '新增', '收支', 'account', 174),
(144, '2021-11-28 15:34:15', '1110634025', '新增', '收支', 'account', 175),
(145, '2021-11-28 15:34:15', '1110634025', '新增', '收支', 'account', 176),
(146, '2021-11-28 15:34:15', '1110634025', '新增', '收支', 'account', 177),
(147, '2021-11-28 15:34:15', '1110634025', '新增', '收支', 'account', 178),
(148, '2021-11-28 15:34:15', '1110634025', '新增', '收支', 'account', 179),
(149, '2021-11-28 15:34:15', '1110634025', '新增', '收支', 'account', 180),
(150, '2021-11-28 15:47:33', '1110634004', '新增', '收支', 'account', 181),
(151, '2021-11-28 15:47:33', '1110634025', '新增', '收支', 'account', 182),
(152, '2021-11-28 15:47:33', '1110634025', '新增', '收支', 'account', 183),
(153, '2021-11-28 15:47:33', '1110634002', '新增', '收支', 'account', 184),
(154, '2021-11-28 15:47:33', '1110634025', '新增', '收支', 'account', 185),
(155, '2021-11-28 15:47:33', '1110634025', '新增', '收支', 'account', 186),
(156, '2021-11-28 15:47:33', '1110634025', '新增', '收支', 'account', 187),
(157, '2021-11-28 15:47:33', '1110634025', '新增', '收支', 'account', 188),
(158, '2021-11-28 15:47:33', '1110634025', '新增', '收支', 'account', 189),
(159, '2021-11-28 18:24:53', '1110634006', '新增', '留言', 'comment', 12),
(160, '2021-11-28 18:26:00', '1110634006', '新增', '留言', 'comment', 13),
(161, '2021-11-28 18:28:22', '1110634006', '新增', '留言', 'comment', 14),
(162, '2021-11-28 18:29:41', '1110634006', '新增', '留言', 'comment', 15),
(163, '2021-11-30 14:22:50', '1110634029', '新增', '會議記錄', 'conference', 1),
(164, '2021-11-30 14:24:16', '1110634029', '新增', '會議記錄', 'conference', 2),
(165, '2021-11-30 14:24:47', '1110634029', '新增', '會議記錄', 'conference', 3),
(166, '2021-11-30 14:26:19', '1110634029', '新增', '會議記錄', 'conference', 4),
(167, '2021-11-30 14:27:22', '1110634029', '新增', '會議記錄', 'conference', 5),
(168, '2021-11-30 14:28:10', '1110634029', '新增', '會議記錄', 'conference', 6),
(169, '2021-11-30 14:29:14', '1110634029', '新增', '會議記錄', 'conference', 7),
(170, '2021-11-30 14:30:00', '1110634029', '新增', '會議記錄', 'conference', 8),
(171, '2021-11-30 14:31:47', '1110634029', '新增', '會議記錄', 'conference', 9),
(172, '2021-11-30 14:32:22', '1110634029', '新增', '會議記錄', 'conference', 10),
(173, '2021-11-30 14:34:00', '1110634029', '新增', '會議記錄', 'conference', 11),
(174, '2021-11-30 14:36:18', '1110634029', '新增', '會議記錄', 'conference', 12),
(175, '2021-11-30 14:36:51', '1110634029', '新增', '會議記錄', 'conference', 13),
(176, '2021-11-30 14:37:04', '1110634029', '修改', '2', 'conference', 10),
(177, '2021-11-30 14:37:06', '1110634029', '修改', '1', 'conference', 10),
(178, '2021-11-30 14:37:08', '1110634029', '修改', '2', 'conference', 1),
(179, '2021-11-30 14:37:09', '1110634029', '修改', '1', 'conference', 1),
(180, '2021-11-30 14:37:11', '1110634029', '修改', '2', 'conference', 5),
(181, '2021-11-30 14:37:12', '1110634029', '修改', '1', 'conference', 5),
(182, '2021-11-30 14:37:14', '1110634029', '修改', '2', 'conference', 4),
(183, '2021-11-30 14:37:20', '1110634029', '修改', '1', 'conference', 4),
(184, '2021-11-30 14:37:23', '1110634029', '修改', '2', 'conference', 2),
(185, '2021-11-30 14:37:25', '1110634029', '修改', '1', 'conference', 2),
(186, '2021-11-30 14:37:54', '1110634029', '修改', '2', 'conference', 6),
(187, '2021-11-30 14:37:56', '1110634029', '修改', '1', 'conference', 6),
(188, '2021-11-30 14:37:59', '1110634029', '修改', '2', 'conference', 3),
(189, '2021-11-30 14:45:05', '1110634029', '修改', '1', 'conference', 3),
(190, '2021-11-30 14:45:07', '1110634029', '修改', '2', 'conference', 7),
(191, '2021-11-30 14:45:09', '1110634029', '修改', '1', 'conference', 7),
(192, '2021-11-30 14:46:44', '1110634029', '修改', '2', 'conference', 8),
(193, '2021-11-30 14:46:45', '1110634029', '修改', '1', 'conference', 8),
(194, '2021-11-30 14:46:47', '1110634029', '修改', '2', 'conference', 11),
(195, '2021-11-30 14:46:49', '1110634029', '修改', '1', 'conference', 11),
(196, '2021-11-30 14:46:50', '1110634029', '修改', '2', 'conference', 12),
(197, '2021-11-30 14:46:52', '1110634029', '修改', '1', 'conference', 12),
(198, '2021-11-30 14:46:54', '1110634029', '修改', '2', 'conference', 9),
(199, '2021-11-30 14:46:58', '1110634029', '修改', '1', 'conference', 9),
(200, '2021-11-30 14:54:43', '1110634029', '新增', '會議記錄', 'conference', 14),
(201, '2021-11-30 14:55:05', '1110634029', '新增', '會議記錄', 'conference', 15),
(202, '2021-11-30 14:55:10', '1110634029', '修改', '2', 'conference', 14),
(203, '2021-11-30 14:55:13', '1110634029', '修改', '2', 'conference', 15),
(204, '2021-11-30 14:55:14', '1110634029', '修改', '1', 'conference', 14),
(205, '2021-11-30 14:55:16', '1110634029', '修改', '1', 'conference', 15),
(206, '2021-11-30 14:55:56', '1110634029', '新增', '會議記錄', 'conference', 16),
(207, '2021-11-30 14:56:14', '1110634029', '新增', '會議記錄', 'conference', 17),
(208, '2021-11-30 14:56:17', '1110634029', '修改', '2', 'conference', 17),
(209, '2021-11-30 14:56:19', '1110634029', '修改', '1', 'conference', 17),
(210, '2021-11-30 14:56:23', '1110634029', '修改', '2', 'conference', 16),
(211, '2021-11-30 14:56:25', '1110634029', '修改', '1', 'conference', 16),
(212, '2021-11-30 14:56:27', '1110634029', '修改', '4', 'conference', 13),
(213, '2021-11-30 15:08:07', '1110634025', '修改', '4', 'account', 189),
(214, '2021-11-30 15:11:46', '1110634025', '修改', '0', 'account', 189),
(215, '2021-11-30 15:12:06', '1110634004', '修改', '2', 'account', 181),
(216, '2021-11-30 15:12:08', '1110634025', '修改', '2', 'account', 182),
(217, '2021-11-30 15:12:09', '1110634025', '修改', '2', 'account', 185),
(218, '2021-11-30 15:12:11', '1110634002', '修改', '2', 'account', 184),
(219, '2021-11-30 15:12:13', '1110634025', '修改', '2', 'account', 186),
(220, '2021-11-30 15:12:14', '1110634025', '修改', '2', 'account', 183),
(221, '2021-11-30 15:12:17', '1110634025', '修改', '2', 'account', 187),
(222, '2021-11-30 15:12:19', '1110634025', '修改', '2', 'account', 188),
(223, '2021-11-30 15:13:19', '1110634025', '修改', '4', 'account', 189),
(224, '2021-11-30 15:13:23', '1110634025', '修改', '1', 'account', 188),
(225, '2021-11-30 15:25:20', '1110634029', '修改', '會議記錄', 'conference', 1),
(226, '2021-11-30 15:25:34', '1110634029', '修改', '會議記錄', 'conference', 1),
(227, '2021-11-30 15:25:47', '1110634029', '修改', '會議記錄', 'conference', 1),
(228, '2021-12-03 05:31:52', '1110634006', '新增', '留言', 'comment', 16),
(229, '2021-12-03 05:32:05', '1110634006', '新增', '留言', 'comment', 17),
(230, '2021-12-03 05:32:11', '1110634006', '新增', '留言', 'comment', 18),
(231, '2021-12-03 05:32:11', '1110634006', '新增', '留言', 'comment', 19),
(232, '2021-12-03 05:32:12', '1110634006', '新增', '留言', 'comment', 20),
(233, '2021-12-03 05:33:38', '1110634006', '新增', '留言', 'comment', 21),
(234, '2021-12-03 05:34:06', '1110634006', '新增', '留言', 'comment', 22),
(235, '2021-12-03 05:34:20', '1110634006', '新增', '留言', 'comment', 23),
(236, '2021-12-03 05:34:21', '1110634006', '新增', '留言', 'comment', 24),
(237, '2021-12-03 05:57:17', '1110634029', '新增', '會議記錄', 'conference', 18),
(238, '2021-12-03 05:57:26', '1110634029', '修改', '2', 'conference', 18),
(239, '2021-12-03 05:58:42', '1110634006', '新增', '留言', 'comment', 25),
(240, '2021-12-03 06:20:15', '1110634025', '新增', '財務報表', 'statement', 15),
(241, '2021-12-03 06:20:24', '1110634025', '修改', '2', 'statement', 15),
(242, '2021-12-03 06:20:34', '1110634025', '修改', '1', 'statement', 15),
(243, '2021-12-03 06:20:35', '1110634025', '修改', '財務報表', 'statement', 15),
(244, '2021-12-03 06:20:35', '1110634025', '修改', '財務報表', 'statement', 15),
(245, '2021-12-03 06:20:35', '1110634025', '修改', '財務報表', 'statement', 15),
(246, '2021-12-03 06:20:36', '1110634025', '修改', '財務報表', 'statement', 15),
(247, '2021-12-03 06:20:36', '1110634025', '修改', '財務報表', 'statement', 15),
(248, '2021-12-03 06:20:36', '1110634025', '修改', '財務報表', 'statement', 15),
(249, '2021-12-03 06:20:36', '1110634025', '修改', '財務報表', 'statement', 15),
(250, '2021-12-03 06:20:36', '1110634025', '修改', '財務報表', 'statement', 15),
(251, '2021-12-03 06:20:36', '1110634025', '修改', '財務報表', 'statement', 15),
(252, '2021-12-03 06:20:37', '1110634025', '修改', '財務報表', 'statement', 15),
(253, '2021-12-03 06:20:37', '1110634025', '修改', '財務報表', 'statement', 15),
(254, '2021-12-03 06:20:37', '1110634025', '修改', '財務報表', 'statement', 15),
(255, '2021-12-03 06:20:37', '1110634025', '修改', '財務報表', 'statement', 15),
(256, '2021-12-03 06:20:37', '1110634025', '修改', '財務報表', 'statement', 15),
(257, '2021-12-03 06:20:37', '1110634025', '修改', '財務報表', 'statement', 15),
(258, '2021-12-03 06:20:38', '1110634025', '修改', '財務報表', 'statement', 15),
(259, '2021-12-03 06:20:38', '1110634025', '修改', '財務報表', 'statement', 15),
(260, '2021-12-03 06:20:38', '1110634025', '修改', '財務報表', 'statement', 15),
(261, '2021-12-03 06:20:38', '1110634025', '修改', '財務報表', 'statement', 15),
(262, '2021-12-03 06:20:38', '1110634025', '修改', '財務報表', 'statement', 15),
(263, '2021-12-03 06:20:38', '1110634025', '修改', '財務報表', 'statement', 15),
(264, '2021-12-03 06:20:39', '1110634025', '修改', '財務報表', 'statement', 15),
(265, '2021-12-03 06:20:39', '1110634025', '修改', '財務報表', 'statement', 15),
(266, '2021-12-03 06:20:39', '1110634025', '修改', '財務報表', 'statement', 15),
(267, '2021-12-03 06:20:39', '1110634025', '修改', '財務報表', 'statement', 15),
(268, '2021-12-03 06:20:39', '1110634025', '修改', '財務報表', 'statement', 15),
(269, '2021-12-03 06:20:39', '1110634025', '修改', '財務報表', 'statement', 15),
(270, '2021-12-03 06:20:40', '1110634025', '修改', '財務報表', 'statement', 15),
(271, '2021-12-03 06:20:40', '1110634025', '修改', '財務報表', 'statement', 15),
(272, '2021-12-03 06:20:40', '1110634025', '修改', '財務報表', 'statement', 15),
(273, '2021-12-03 06:20:40', '1110634025', '修改', '財務報表', 'statement', 15),
(274, '2021-12-03 06:20:40', '1110634025', '修改', '財務報表', 'statement', 15),
(275, '2021-12-03 06:20:41', '1110634025', '修改', '財務報表', 'statement', 15),
(276, '2021-12-03 06:20:41', '1110634025', '修改', '財務報表', 'statement', 15),
(277, '2021-12-03 06:20:41', '1110634025', '修改', '財務報表', 'statement', 15),
(278, '2021-12-03 06:20:41', '1110634025', '修改', '財務報表', 'statement', 15),
(279, '2021-12-03 06:20:41', '1110634025', '修改', '財務報表', 'statement', 15),
(280, '2021-12-03 06:20:41', '1110634025', '修改', '財務報表', 'statement', 15),
(281, '2021-12-03 06:20:42', '1110634025', '修改', '財務報表', 'statement', 15),
(282, '2021-12-03 06:20:42', '1110634025', '修改', '財務報表', 'statement', 15),
(283, '2021-12-03 06:20:42', '1110634025', '修改', '財務報表', 'statement', 15),
(284, '2021-12-03 06:20:42', '1110634025', '修改', '4', 'statement', 15),
(285, '2021-12-03 06:20:43', '1110634025', '修改', '1', 'statement', 15),
(286, '2021-12-03 06:20:43', '1110634025', '修改', '4', 'statement', 15),
(287, '2021-12-03 06:20:43', '1110634025', '修改', '1', 'statement', 15),
(288, '2021-12-03 06:20:44', '1110634025', '修改', '4', 'statement', 15),
(289, '2021-12-03 06:20:44', '1110634025', '修改', '財務報表', 'statement', 15),
(290, '2021-12-03 06:23:37', '1110634006', '新增', '留言', 'comment', 26),
(291, '2021-12-03 06:23:51', '1110634006', '新增', '留言', 'comment', 27),
(292, '2021-12-16 02:40:03', '1110634025', '修改', '1', 'account', 187),
(293, '2021-12-16 04:49:52', '1110634029', '修改', '4', 'conference', 18),
(294, '2021-12-16 04:51:13', '1110634029', '刪除', '會議記錄', 'conference', 18);

-- --------------------------------------------------------

--
-- 資料表結構 `member`
--

DROP TABLE IF EXISTS `member`;
CREATE TABLE `member` (
  `sID` char(10) NOT NULL,
  `password` char(60) NOT NULL,
  `name` varchar(10) NOT NULL,
  `nickname` varchar(10) NOT NULL,
  `sex` char(1) NOT NULL,
  `birth` date NOT NULL
) ENGINE=InnoDB DEFAULT CHARSET=utf8 COMMENT='成員';

--
-- 資料表新增資料前，先清除舊資料 `member`
--

TRUNCATE TABLE `member`;
--
-- 傾印資料表的資料 `member`
--

INSERT INTO `member` (`sID`, `password`, `name`, `nickname`, `sex`, `birth`) VALUES
('1110634000', '$2b$10$uOjQlRbgS4XSds1UC72nmuHOW8t2ada141aUa3El3wyGcWFVfnK76', '王小明', '小王', '男', '2021-07-14'),
('1110634001', '$2b$10$mlCH6.r9WdQLPMsErOYaTuyYfeQocTGWgV/aElT4MxykNMIWGLYnK', '何宛珊', '小何', '女', '2002-05-01'),
('1110634002', '$2b$10$eZQ9Mo1Goo.x8f/TNOhGXuDyRtIsk9KWnvRfoG8SPb2jCkiCRKmCC', '李品萱', '小李', '女', '2002-06-23'),
('1110634003', '$2b$10$Pcq2oBufpcQetFOOjollferCTUFwX1sDzEcYFN4Ij2s8j1mROo15e', '施羽珊', '小施', '女', '2002-02-02'),
('1110634004', '$2b$10$ZsI6RiiOJD.tJAOfeufuGu.qryKCWcnXm6YgOqd/vPuIYNiFIKT22', '張芸菱', '小張', '女', '2002-02-08'),
('1110634006', '$2b$10$3mgQHwb3hw6N5iSggoKn4umiifi/tkRj.bQDsuDwUkPaZ6CkgZp/C', '黃子瑜', '小黃', '女', '2001-10-07'),
('1110634007', '$2b$10$Z3WqwGAU3JgI5tKY3bVFy.xQiqwLVQUWfFwC6BzP3JEMDkbqbJ1ci', '王小明', '小王', '男', '2021-07-14'),
('1110634008', '$2b$10$8tPplVVqaMBpbmxiQqrXmOJe4MiofjqkNSFRUbB9N9KpvXjOFK7Ja', '王小明', '小王', '男', '2021-07-14'),
('1110634015', '$2b$10$X4UkvXoMVY2VWFGjrcZvWuCLBHOUnV0Yqya0PjSY.13w9/mKeo6CW', '林均蓉', '小林', '女', '2001-09-10'),
('1110634025', '$2b$10$MSASNfqCaMFfEyNaLI8PQuyXg5q385CSW2vH2BFtEAnOQQ2pVENo6', '廖建榕', 'Jrong', '男', '2001-09-13'),
('1110634029', '$2b$10$ohzC5BtDJKoe.FMMiHKA9Ol5TxSuCvMn8PZ44eXs/dPZHqeCApXAe', '蔣明諭', '小蔣', '男', '2002-02-01'),
('1110634034', '$2b$10$teUq4d2xRjKzfmhhJDfF4uxkR17aHqOeBT/DEmEn3khQ930HHgTKW', '洪柚喆', '小洪', '男', '2021-07-14'),
('1110634039', '$2b$10$n1OQpYXkpqZM6PNedfr9gOJLBdOfJMjdznVjPb5uGfE.e/F582lki', '陳言睿', '小陳', '男', '2001-11-21'),
('1110634040', '$2b$10$6mayrlVtPXpdeqyeOlaiZe2AC0wZRLYsqAs5owVvHBTJgT2EtIKSC', '王小明', '小王', '男', '2021-07-14'),
('1110634041', '$2b$10$FmhLWguxE.5ItiXNdILVLOsZrkdgywbHJtn/bTAZw2kyg/f8sN/Uu', '詹翔壹', '小詹', '男', '2002-02-28'),
('1110634042', '$2b$10$ZhRlHOI00XR4AiKkAfWQQOM3h39WZkwsCvQ90xMDG4pRWM4rO7s/.', '王小明', '小王', '男', '2021-07-14'),
('1110634050', '$2b$10$Op1/e9.rLGLU8lx542sMZuZcLv6LWuzs1yYTxMSvf/aBJv.5BbHny', '王小明', '小王', '男', '2021-07-14');

-- --------------------------------------------------------

--
-- 資料表結構 `notification`
--

DROP TABLE IF EXISTS `notification`;
CREATE TABLE `notification` (
  `ID` int(11) NOT NULL,
  `content` varchar(100) NOT NULL,
  `type` varchar(20) NOT NULL,
  `objectID` int(11) NOT NULL,
  `eventsID` int(11) NOT NULL
) ENGINE=InnoDB DEFAULT CHARSET=utf8 COMMENT='通知';

--
-- 資料表新增資料前，先清除舊資料 `notification`
--

TRUNCATE TABLE `notification`;
--
-- 傾印資料表的資料 `notification`
--

INSERT INTO `notification` (`ID`, `content`, `type`, `objectID`, `eventsID`) VALUES
(1, '廖建榕刪除了一筆財務報表', 'statement', 0, 26),
(2, '廖建榕修改了一筆財務報表', 'statement', 1, 27),
(3, '廖建榕修改了一筆財務報表', 'statement', 2, 28),
(4, '廖建榕修改了一筆財務報表', 'statement', 4, 29),
(5, '廖建榕修改了一筆財務報表', 'statement', 5, 30),
(6, '廖建榕修改了一筆財務報表', 'statement', 6, 31),
(7, '廖建榕修改了一筆財務報表', 'statement', 7, 32),
(8, '廖建榕修改了一筆財務報表', 'statement', 8, 33),
(9, '廖建榕修改了一筆財務報表', 'statement', 9, 34),
(10, '廖建榕修改了一筆財務報表', 'statement', 10, 35),
(11, '廖建榕新增了一筆收支', 'account', 153, 36),
(12, '廖建榕新增了一筆收支', 'account', 154, 37),
(13, '李品萱修改了一筆收支紀錄', 'account', 18, 38),
(14, '廖建榕新增了一筆收支', 'account', 155, 39),
(15, '廖建榕新增了一筆收支', 'account', 156, 40),
(16, '廖建榕新增了一筆收支', 'account', 157, 41),
(17, '廖建榕新增了一筆收支', 'account', 158, 42),
(18, '廖建榕修改了一筆收支紀錄', 'account', 157, 43),
(19, '廖建榕修改了一筆收支紀錄', 'account', 158, 44),
(20, '廖建榕新增了一筆收支', 'account', 159, 45),
(21, '廖建榕新增了一筆收支', 'account', 160, 47),
(22, '廖建榕新增了一筆收支', 'account', 161, 48),
(23, '廖建榕新增了一筆財務報表', 'statement', 11, 49),
(24, '廖建榕新增了一筆財務報表', 'statement', 12, 50),
(25, '廖建榕新增了一筆財務報表', 'statement', 13, 51),
(26, '廖建榕修改了一筆財務報表', 'statement', 1, 52),
(27, '廖建榕修改了一筆財務報表', 'statement', 2, 53),
(28, '廖建榕修改了一筆財務報表', 'statement', 4, 54),
(29, '廖建榕修改了一筆財務報表', 'statement', 5, 55),
(30, '廖建榕修改了一筆財務報表', 'statement', 2, 56),
(31, '廖建榕修改了一筆財務報表', 'statement', 4, 57),
(32, '廖建榕修改了一筆財務報表', 'statement', 5, 58),
(33, '廖建榕修改了一筆財務報表', 'statement', 6, 59),
(34, '廖建榕修改了一筆財務報表', 'statement', 7, 60),
(35, '廖建榕修改了一筆財務報表', 'statement', 8, 61),
(36, '廖建榕修改了一筆財務報表', 'statement', 9, 62),
(37, '廖建榕修改了一筆財務報表', 'statement', 10, 63),
(38, '廖建榕修改了一筆財務報表', 'statement', 11, 64),
(39, '廖建榕修改了一筆財務報表', 'statement', 12, 65),
(40, '廖建榕修改了一筆財務報表', 'statement', 13, 66),
(41, '財務報表狀態變更為 通過', 'statement', 5, 67),
(42, '財務報表狀態變更為 通過', 'statement', 6, 68),
(43, '財務報表狀態變更為 通過', 'statement', 7, 69),
(44, '財務報表狀態變更為 組織負責人已審核', 'statement', 10, 70),
(45, '財務報表狀態變更為 通過', 'statement', 10, 71),
(46, '財務報表狀態變更為 組織負責人已審核', 'statement', 9, 72),
(47, '廖建榕修改了一筆財務報表', 'statement', 9, 73),
(48, '財務報表狀態變更為 組織負責人已審核', 'statement', 8, 74),
(49, '廖建榕修改了一筆財務報表', 'statement', 8, 75),
(50, '財務報表狀態變更為 通過', 'statement', 8, 76),
(51, '財務報表狀態變更為 通過', 'statement', 9, 77),
(52, '廖建榕修改了一筆財務報表', 'statement', 11, 78),
(53, '廖建榕修改了一筆財務報表', 'statement', 12, 79),
(54, '廖建榕修改了一筆財務報表', 'statement', 13, 80),
(55, '財務報表狀態變更為 組織負責人已審核', 'statement', 11, 81),
(56, '財務報表狀態變更為 通過', 'statement', 11, 82),
(57, '財務報表狀態變更為 組織負責人已審核', 'statement', 12, 83),
(58, '財務報表狀態變更為 通過', 'statement', 12, 84),
(59, '財務報表狀態變更為 組織負責人已審核', 'statement', 13, 85),
(60, '財務報表狀態變更為 通過', 'statement', 13, 86),
(61, '收支紀錄新增了一則留言', 'comment', 1, 87),
(62, '收支紀錄新增了一則留言', 'comment', 2, 88),
(63, '收支紀錄新增了一則留言', 'comment', 3, 89),
(64, '收支紀錄新增了一則留言', 'account', 151, 90),
(65, '廖建榕新增了一筆收支', 'account', 162, 91),
(66, '廖建榕新增了一筆收支', 'account', 163, 92),
(67, '廖建榕新增了一筆收支', 'account', 164, 93),
(68, '廖建榕新增了一筆財務報表', 'statement', 14, 94),
(69, '廖建榕修改了一筆財務報表', 'statement', 14, 95),
(70, '財務報表狀態變更為 組織負責人已審核', 'statement', 14, 96),
(71, '財務報表狀態變更為 通過', 'statement', 14, 97),
(72, '廖建榕新增了一筆收支', 'account', 165, 98),
(73, '廖建榕新增了一筆收支', 'account', 166, 99),
(74, '林均蓉修改了一筆收支紀錄', 'account', 163, 100),
(75, '詹翔壹修改了一筆收支紀錄', 'account', 164, 101),
(76, '收支狀態變更為 組織負責人已審核', 'account', 163, 102),
(77, '收支狀態變更為 通過', 'account', 163, 103),
(78, '收支狀態變更為 組織負責人已審核', 'account', 162, 104),
(79, '收支狀態變更為 通過', 'account', 162, 105),
(80, '收支狀態變更為 組織負責人已審核', 'account', 164, 106),
(81, '收支狀態變更為 通過', 'account', 164, 107),
(82, '廖建榕修改了一筆財務報表', 'statement', 14, 108),
(83, '廖建榕修改了一筆收支紀錄', 'account', 152, 109),
(84, '蔣明諭新增了一筆會議記錄', 'conference', 1, 110),
(85, '蔣明諭刪除了一筆會議記錄', 'conference', 1, 111),
(86, '蔣明諭新增了一筆會議記錄', 'conference', 1, 112),
(87, '蔣明諭新增了一筆會議記錄', 'conference', 2, 113),
(88, '收支紀錄新增了一則留言', 'account', 164, 116),
(89, '收支紀錄新增了一則留言', 'account', 164, 117),
(90, '收支紀錄新增了一則留言', 'account', 163, 118),
(91, '收支紀錄新增了一則留言', 'account', 149, 119),
(92, '收支紀錄新增了一則留言', 'account', 145, 120),
(93, '財務報表新增了一則留言', 'statement', 14, 121),
(94, '財務報表新增了一則留言', 'statement', 14, 122),
(95, '廖建榕新增了一筆收支', 'account', 167, 123),
(96, '廖建榕新增了一筆收支', 'account', 168, 124),
(97, '李品萱修改了一筆收支紀錄', 'account', 154, 125),
(98, '林均蓉修改了一筆收支紀錄', 'account', 155, 126),
(99, '李品萱修改了一筆收支紀錄', 'account', 156, 127),
(100, '施羽珊修改了一筆收支紀錄', 'account', 158, 128),
(101, '李品萱修改了一筆收支紀錄', 'account', 159, 129),
(102, '施羽珊修改了一筆收支紀錄', 'account', 160, 130),
(103, '黃子瑜修改了一筆收支紀錄', 'account', 161, 131),
(104, '張芸菱修改了一筆收支紀錄', 'account', 165, 132),
(105, '李品萱修改了一筆收支紀錄', 'account', 166, 133),
(106, '施羽珊修改了一筆收支紀錄', 'account', 167, 134),
(107, '廖建榕修改了一筆收支紀錄', 'account', 168, 135),
(108, '廖建榕新增了一筆收支', 'account', 169, 136),
(109, '收支狀態變更為 未審核', 'account', 169, 137),
(110, '廖建榕修改了一筆收支紀錄', 'account', 169, 138),
(111, '李品萱新增了一筆收支', 'account', 173, 142),
(112, '李品萱新增了一筆收支', 'account', 170, 139),
(113, '施羽珊新增了一筆收支', 'account', 171, 140),
(114, '廖建榕新增了一筆收支', 'account', 180, 149),
(115, '廖建榕新增了一筆收支', 'account', 172, 141),
(116, '廖建榕新增了一筆收支', 'account', 174, 143),
(117, '廖建榕新增了一筆收支', 'account', 176, 145),
(118, '廖建榕新增了一筆收支', 'account', 175, 144),
(119, '廖建榕新增了一筆收支', 'account', 179, 148),
(120, '廖建榕新增了一筆收支', 'account', 178, 147),
(121, '廖建榕新增了一筆收支', 'account', 177, 146),
(122, '張芸菱新增了一筆收支', 'account', 181, 150),
(123, '廖建榕新增了一筆收支', 'account', 185, 154),
(124, '廖建榕新增了一筆收支', 'account', 187, 156),
(125, '廖建榕新增了一筆收支', 'account', 182, 151),
(126, '廖建榕新增了一筆收支', 'account', 189, 158),
(127, '李品萱新增了一筆收支', 'account', 184, 153),
(128, '廖建榕新增了一筆收支', 'account', 188, 157),
(129, '廖建榕新增了一筆收支', 'account', 186, 155),
(130, '廖建榕新增了一筆收支', 'account', 183, 152),
(131, '收支紀錄新增了一則留言', 'account', 162, 159),
(132, '收支紀錄新增了一則留言', 'account', 150, 160),
(133, '收支紀錄新增了一則留言', 'account', 163, 161),
(134, '收支紀錄新增了一則留言', 'account', 163, 162),
(135, '蔣明諭新增了一筆會議記錄', 'conference', 1, 163),
(136, '蔣明諭新增了一筆會議記錄', 'conference', 2, 164),
(137, '蔣明諭新增了一筆會議記錄', 'conference', 3, 165),
(138, '蔣明諭新增了一筆會議記錄', 'conference', 4, 166),
(139, '蔣明諭新增了一筆會議記錄', 'conference', 5, 167),
(140, '蔣明諭新增了一筆會議記錄', 'conference', 6, 168),
(141, '蔣明諭新增了一筆會議記錄', 'conference', 7, 169),
(142, '蔣明諭新增了一筆會議記錄', 'conference', 8, 170),
(143, '蔣明諭新增了一筆會議記錄', 'conference', 9, 171),
(144, '蔣明諭新增了一筆會議記錄', 'conference', 10, 172),
(145, '蔣明諭新增了一筆會議記錄', 'conference', 11, 173),
(146, '蔣明諭新增了一筆會議記錄', 'conference', 12, 174),
(147, '蔣明諭新增了一筆會議記錄', 'conference', 13, 175),
(148, '會議記錄狀態變更為 組織負責人已審核', 'conference', 10, 176),
(149, '會議記錄狀態變更為 通過', 'conference', 10, 177),
(150, '會議記錄狀態變更為 組織負責人已審核', 'conference', 1, 178),
(151, '會議記錄狀態變更為 通過', 'conference', 1, 179),
(152, '會議記錄狀態變更為 組織負責人已審核', 'conference', 5, 180),
(153, '會議記錄狀態變更為 通過', 'conference', 5, 181),
(154, '會議記錄狀態變更為 組織負責人已審核', 'conference', 4, 182),
(155, '會議記錄狀態變更為 通過', 'conference', 4, 183),
(156, '會議記錄狀態變更為 組織負責人已審核', 'conference', 2, 184),
(157, '會議記錄狀態變更為 通過', 'conference', 2, 185),
(158, '會議記錄狀態變更為 組織負責人已審核', 'conference', 6, 186),
(159, '會議記錄狀態變更為 通過', 'conference', 6, 187),
(160, '會議記錄狀態變更為 組織負責人已審核', 'conference', 3, 188),
(161, '會議記錄狀態變更為 通過', 'conference', 3, 189),
(162, '會議記錄狀態變更為 組織負責人已審核', 'conference', 7, 190),
(163, '會議記錄狀態變更為 通過', 'conference', 7, 191),
(164, '會議記錄狀態變更為 組織負責人已審核', 'conference', 8, 192),
(165, '會議記錄狀態變更為 通過', 'conference', 8, 193),
(166, '會議記錄狀態變更為 組織負責人已審核', 'conference', 11, 194),
(167, '會議記錄狀態變更為 通過', 'conference', 11, 195),
(168, '會議記錄狀態變更為 組織負責人已審核', 'conference', 12, 196),
(169, '會議記錄狀態變更為 通過', 'conference', 12, 197),
(170, '會議記錄狀態變更為 組織負責人已審核', 'conference', 9, 198),
(171, '會議記錄狀態變更為 通過', 'conference', 9, 199),
(172, '蔣明諭新增了一筆會議記錄', 'conference', 14, 200),
(173, '蔣明諭新增了一筆會議記錄', 'conference', 15, 201),
(174, '會議記錄狀態變更為 組織負責人已審核', 'conference', 14, 202),
(175, '會議記錄狀態變更為 組織負責人已審核', 'conference', 15, 203),
(176, '會議記錄狀態變更為 通過', 'conference', 14, 204),
(177, '會議記錄狀態變更為 通過', 'conference', 15, 205),
(178, '蔣明諭新增了一筆會議記錄', 'conference', 16, 206),
(179, '蔣明諭新增了一筆會議記錄', 'conference', 17, 207),
(180, '會議記錄狀態變更為 組織負責人已審核', 'conference', 17, 208),
(181, '會議記錄狀態變更為 通過', 'conference', 17, 209),
(182, '會議記錄狀態變更為 組織負責人已審核', 'conference', 16, 210),
(183, '會議記錄狀態變更為 通過', 'conference', 16, 211),
(184, '會議記錄狀態變更為 駁回', 'conference', 13, 212),
(185, '收支狀態變更為 駁回', 'account', 189, 213),
(186, '收支狀態變更為 未審核', 'account', 189, 214),
(187, '收支狀態變更為 組織負責人已審核', 'account', 181, 215),
(188, '收支狀態變更為 組織負責人已審核', 'account', 182, 216),
(189, '收支狀態變更為 組織負責人已審核', 'account', 185, 217),
(190, '收支狀態變更為 組織負責人已審核', 'account', 184, 218),
(191, '收支狀態變更為 組織負責人已審核', 'account', 186, 219),
(192, '收支狀態變更為 組織負責人已審核', 'account', 183, 220),
(193, '收支狀態變更為 組織負責人已審核', 'account', 187, 221),
(194, '收支狀態變更為 組織負責人已審核', 'account', 188, 222),
(195, '收支狀態變更為 駁回', 'account', 189, 223),
(196, '收支狀態變更為 通過', 'account', 188, 224),
(197, '蔣明諭修改了一筆會議記錄', 'conference', 1, 225),
(198, '蔣明諭修改了一筆會議記錄', 'conference', 1, 226),
(199, '蔣明諭修改了一筆會議記錄', 'conference', 1, 227),
(200, '收支紀錄新增了一則留言', 'account', 146, 228),
(201, '收支紀錄新增了一則留言', 'account', 146, 229),
(202, '財務報表新增了一則留言', 'statement', 13, 232),
(203, '收支紀錄新增了一則留言', 'account', 150, 233),
(204, '蔣明諭新增了一筆會議記錄', 'conference', 18, 237),
(205, '會議記錄狀態變更為 組織負責人已審核', 'conference', 18, 238),
(206, '廖建榕新增了一筆財務報表', 'statement', 15, 240),
(207, '財務報表狀態變更為 組織負責人已審核', 'statement', 15, 241),
(208, '財務報表狀態變更為 通過', 'statement', 15, 242),
(209, '廖建榕修改了一筆財務報表', 'statement', 15, 243),
(210, '廖建榕修改了一筆財務報表', 'statement', 15, 244),
(211, '廖建榕修改了一筆財務報表', 'statement', 15, 245),
(212, '廖建榕修改了一筆財務報表', 'statement', 15, 246),
(213, '廖建榕修改了一筆財務報表', 'statement', 15, 247),
(214, '廖建榕修改了一筆財務報表', 'statement', 15, 248),
(215, '廖建榕修改了一筆財務報表', 'statement', 15, 249),
(216, '廖建榕修改了一筆財務報表', 'statement', 15, 250),
(217, '廖建榕修改了一筆財務報表', 'statement', 15, 251),
(218, '廖建榕修改了一筆財務報表', 'statement', 15, 252),
(219, '廖建榕修改了一筆財務報表', 'statement', 15, 253),
(220, '廖建榕修改了一筆財務報表', 'statement', 15, 254),
(221, '廖建榕修改了一筆財務報表', 'statement', 15, 255),
(222, '廖建榕修改了一筆財務報表', 'statement', 15, 256),
(223, '廖建榕修改了一筆財務報表', 'statement', 15, 257),
(224, '廖建榕修改了一筆財務報表', 'statement', 15, 258),
(225, '廖建榕修改了一筆財務報表', 'statement', 15, 259),
(226, '廖建榕修改了一筆財務報表', 'statement', 15, 260),
(227, '廖建榕修改了一筆財務報表', 'statement', 15, 261),
(228, '廖建榕修改了一筆財務報表', 'statement', 15, 262),
(229, '廖建榕修改了一筆財務報表', 'statement', 15, 263),
(230, '廖建榕修改了一筆財務報表', 'statement', 15, 264),
(231, '廖建榕修改了一筆財務報表', 'statement', 15, 265),
(232, '廖建榕修改了一筆財務報表', 'statement', 15, 266),
(233, '廖建榕修改了一筆財務報表', 'statement', 15, 267),
(234, '廖建榕修改了一筆財務報表', 'statement', 15, 268),
(235, '廖建榕修改了一筆財務報表', 'statement', 15, 269),
(236, '廖建榕修改了一筆財務報表', 'statement', 15, 270),
(237, '廖建榕修改了一筆財務報表', 'statement', 15, 271),
(238, '廖建榕修改了一筆財務報表', 'statement', 15, 272),
(239, '廖建榕修改了一筆財務報表', 'statement', 15, 273),
(240, '廖建榕修改了一筆財務報表', 'statement', 15, 274),
(241, '廖建榕修改了一筆財務報表', 'statement', 15, 275),
(242, '廖建榕修改了一筆財務報表', 'statement', 15, 276),
(243, '廖建榕修改了一筆財務報表', 'statement', 15, 277),
(244, '廖建榕修改了一筆財務報表', 'statement', 15, 278),
(245, '廖建榕修改了一筆財務報表', 'statement', 15, 279),
(246, '廖建榕修改了一筆財務報表', 'statement', 15, 280),
(247, '廖建榕修改了一筆財務報表', 'statement', 15, 281),
(248, '廖建榕修改了一筆財務報表', 'statement', 15, 282),
(249, '廖建榕修改了一筆財務報表', 'statement', 15, 283),
(250, '財務報表狀態變更為 駁回', 'statement', 15, 284),
(251, '財務報表狀態變更為 通過', 'statement', 15, 285),
(252, '財務報表狀態變更為 駁回', 'statement', 15, 286),
(253, '財務報表狀態變更為 通過', 'statement', 15, 287),
(254, '財務報表狀態變更為 駁回', 'statement', 15, 288),
(255, '廖建榕修改了一筆財務報表', 'statement', 15, 289),
(256, '收支狀態變更為 通過', 'account', 187, 292),
(257, '會議記錄狀態變更為 駁回', 'conference', 18, 293),
(258, '蔣明諭刪除了一筆會議記錄', 'conference', 18, 294);

-- --------------------------------------------------------

--
-- 資料表結構 `notification_member`
--

DROP TABLE IF EXISTS `notification_member`;
CREATE TABLE `notification_member` (
  `notificationID` int(11) NOT NULL,
  `sID` char(10) NOT NULL
) ENGINE=InnoDB DEFAULT CHARSET=utf8;

--
-- 資料表新增資料前，先清除舊資料 `notification_member`
--

TRUNCATE TABLE `notification_member`;
--
-- 傾印資料表的資料 `notification_member`
--

INSERT INTO `notification_member` (`notificationID`, `sID`) VALUES
(1, '1110634029'),
(1, '1110634003'),
(1, '1110634025'),
(1, '1110634039'),
(2, '1110634039'),
(2, '1110634029'),
(2, '1110634003'),
(2, '1110634025'),
(3, '1110634025'),
(3, '1110634003'),
(3, '1110634029'),
(3, '1110634039'),
(4, '1110634025'),
(4, '1110634039'),
(4, '1110634003'),
(4, '1110634029'),
(5, '1110634025'),
(5, '1110634003'),
(5, '1110634029'),
(5, '1110634039'),
(6, '1110634039'),
(6, '1110634025'),
(6, '1110634029'),
(6, '1110634003'),
(7, '1110634025'),
(7, '1110634003'),
(7, '1110634029'),
(7, '1110634039'),
(8, '1110634003'),
(8, '1110634039'),
(8, '1110634029'),
(8, '1110634025'),
(9, '1110634025'),
(9, '1110634003'),
(9, '1110634039'),
(9, '1110634029'),
(10, '1110634003'),
(10, '1110634029'),
(10, '1110634039'),
(10, '1110634025'),
(11, '1110634003'),
(11, '1110634029'),
(11, '1110634039'),
(11, '1110634025'),
(12, '1110634003'),
(12, '1110634029'),
(12, '1110634039'),
(12, '1110634025'),
(13, '1110634025'),
(13, '1110634003'),
(13, '1110634039'),
(13, '1110634029'),
(14, '1110634039'),
(14, '1110634025'),
(14, '1110634003'),
(14, '1110634029'),
(15, '1110634025'),
(15, '1110634039'),
(15, '1110634029'),
(15, '1110634003'),
(16, '1110634003'),
(16, '1110634029'),
(16, '1110634039'),
(16, '1110634025'),
(17, '1110634029'),
(17, '1110634039'),
(17, '1110634003'),
(17, '1110634025'),
(18, '1110634039'),
(18, '1110634003'),
(18, '1110634029'),
(18, '1110634025'),
(19, '1110634025'),
(19, '1110634003'),
(19, '1110634029'),
(19, '1110634039'),
(20, '1110634025'),
(20, '1110634003'),
(20, '1110634029'),
(20, '1110634039'),
(21, '1110634025'),
(21, '1110634003'),
(21, '1110634029'),
(21, '1110634039'),
(22, '1110634025'),
(22, '1110634003'),
(22, '1110634029'),
(22, '1110634039'),
(23, '1110634025'),
(23, '1110634003'),
(23, '1110634029'),
(23, '1110634039'),
(24, '1110634025'),
(24, '1110634029'),
(24, '1110634039'),
(24, '1110634003'),
(25, '1110634003'),
(25, '1110634039'),
(25, '1110634029'),
(25, '1110634025'),
(26, '1110634025'),
(26, '1110634039'),
(26, '1110634029'),
(26, '1110634003'),
(27, '1110634025'),
(27, '1110634029'),
(27, '1110634039'),
(27, '1110634003'),
(28, '1110634025'),
(28, '1110634003'),
(28, '1110634029'),
(28, '1110634039'),
(29, '1110634029'),
(29, '1110634039'),
(29, '1110634003'),
(29, '1110634025'),
(30, '1110634025'),
(30, '1110634003'),
(30, '1110634029'),
(30, '1110634039'),
(31, '1110634025'),
(31, '1110634003'),
(31, '1110634029'),
(31, '1110634039'),
(32, '1110634003'),
(32, '1110634039'),
(32, '1110634029'),
(32, '1110634025'),
(33, '1110634025'),
(33, '1110634003'),
(33, '1110634029'),
(33, '1110634039'),
(34, '1110634025'),
(34, '1110634003'),
(34, '1110634029'),
(34, '1110634039'),
(35, '1110634025'),
(35, '1110634003'),
(35, '1110634029'),
(35, '1110634039'),
(36, '1110634003'),
(36, '1110634025'),
(36, '1110634029'),
(36, '1110634039'),
(37, '1110634025'),
(37, '1110634003'),
(37, '1110634029'),
(37, '1110634039'),
(38, '1110634025'),
(38, '1110634003'),
(38, '1110634029'),
(38, '1110634039'),
(39, '1110634025'),
(39, '1110634039'),
(39, '1110634003'),
(39, '1110634029'),
(40, '1110634025'),
(40, '1110634003'),
(40, '1110634039'),
(40, '1110634029'),
(41, '1110634025'),
(42, '1110634025'),
(43, '1110634025'),
(44, '1110634025'),
(45, '1110634025'),
(46, '1110634025'),
(47, '1110634025'),
(47, '1110634003'),
(47, '1110634029'),
(47, '1110634039'),
(48, '1110634025'),
(49, '1110634003'),
(49, '1110634029'),
(49, '1110634039'),
(49, '1110634025'),
(50, '1110634025'),
(51, '1110634025'),
(52, '1110634039'),
(52, '1110634029'),
(52, '1110634025'),
(52, '1110634003'),
(53, '1110634025'),
(53, '1110634003'),
(53, '1110634029'),
(53, '1110634039'),
(54, '1110634025'),
(54, '1110634003'),
(54, '1110634029'),
(54, '1110634039'),
(55, '1110634025'),
(56, '1110634025'),
(57, '1110634025'),
(58, '1110634025'),
(59, '1110634025'),
(60, '1110634025'),
(61, '1110634003'),
(61, '1110634029'),
(61, '1110634039'),
(61, '1110634025'),
(62, '1110634003'),
(62, '1110634039'),
(62, '1110634029'),
(62, '1110634025'),
(63, '1110634003'),
(63, '1110634029'),
(63, '1110634025'),
(63, '1110634039'),
(64, '1110634003'),
(64, '1110634029'),
(64, '1110634025'),
(64, '1110634039'),
(65, '1110634029'),
(65, '1110634003'),
(65, '1110634039'),
(65, '1110634025'),
(66, '1110634025'),
(66, '1110634003'),
(66, '1110634039'),
(66, '1110634029'),
(67, '1110634039'),
(67, '1110634029'),
(67, '1110634003'),
(67, '1110634025'),
(68, '1110634025'),
(68, '1110634003'),
(68, '1110634029'),
(68, '1110634039'),
(69, '1110634025'),
(69, '1110634039'),
(69, '1110634029'),
(69, '1110634003'),
(70, '1110634025'),
(71, '1110634025'),
(72, '1110634025'),
(72, '1110634003'),
(72, '1110634029'),
(72, '1110634039'),
(73, '1110634003'),
(73, '1110634025'),
(73, '1110634029'),
(73, '1110634039'),
(74, '1110634039'),
(74, '1110634029'),
(74, '1110634025'),
(74, '1110634003'),
(75, '1110634003'),
(75, '1110634029'),
(75, '1110634025'),
(75, '1110634039'),
(76, '1110634015'),
(77, '1110634015'),
(78, '1110634025'),
(79, '1110634025'),
(80, '1110634041'),
(81, '1110634041'),
(82, '1110634029'),
(82, '1110634039'),
(82, '1110634025'),
(82, '1110634003'),
(83, '1110634025'),
(83, '1110634039'),
(83, '1110634003'),
(83, '1110634029'),
(84, '1110634029'),
(84, '1110634003'),
(84, '1110634001'),
(84, '1110634025'),
(84, '1110634039'),
(84, '1110634041'),
(85, '1110634029'),
(85, '1110634003'),
(85, '1110634039'),
(85, '1110634001'),
(85, '1110634025'),
(85, '1110634041'),
(86, '1110634041'),
(86, '1110634003'),
(86, '1110634029'),
(86, '1110634039'),
(86, '1110634001'),
(86, '1110634025'),
(87, '1110634029'),
(87, '1110634003'),
(87, '1110634039'),
(87, '1110634001'),
(87, '1110634025'),
(87, '1110634041'),
(88, '1110634003'),
(88, '1110634029'),
(88, '1110634039'),
(88, '1110634025'),
(89, '1110634003'),
(89, '1110634029'),
(89, '1110634039'),
(89, '1110634025'),
(90, '1110634029'),
(90, '1110634003'),
(90, '1110634025'),
(90, '1110634039'),
(91, '1110634003'),
(91, '1110634029'),
(91, '1110634039'),
(91, '1110634025'),
(92, '1110634003'),
(92, '1110634029'),
(92, '1110634039'),
(92, '1110634025'),
(93, '1110634003'),
(93, '1110634029'),
(93, '1110634039'),
(93, '1110634025'),
(94, '1110634029'),
(94, '1110634003'),
(94, '1110634039'),
(94, '1110634025'),
(95, '1110634039'),
(95, '1110634029'),
(95, '1110634025'),
(95, '1110634040'),
(96, '1110634029'),
(96, '1110634039'),
(96, '1110634025'),
(96, '1110634040'),
(97, '1110634039'),
(97, '1110634025'),
(97, '1110634040'),
(97, '1110634029'),
(98, '1110634040'),
(98, '1110634029'),
(98, '1110634039'),
(98, '1110634025'),
(99, '1110634040'),
(99, '1110634029'),
(99, '1110634039'),
(99, '1110634025'),
(100, '1110634029'),
(100, '1110634040'),
(100, '1110634039'),
(100, '1110634025'),
(101, '1110634029'),
(101, '1110634039'),
(101, '1110634025'),
(101, '1110634040'),
(102, '1110634039'),
(102, '1110634029'),
(102, '1110634025'),
(102, '1110634040'),
(103, '1110634029'),
(103, '1110634039'),
(103, '1110634025'),
(103, '1110634040'),
(104, '1110634039'),
(104, '1110634025'),
(104, '1110634029'),
(104, '1110634040'),
(105, '1110634039'),
(105, '1110634029'),
(105, '1110634025'),
(105, '1110634040'),
(106, '1110634029'),
(106, '1110634039'),
(106, '1110634025'),
(106, '1110634040'),
(107, '1110634029'),
(107, '1110634039'),
(107, '1110634025'),
(107, '1110634040'),
(108, '1110634040'),
(108, '1110634029'),
(108, '1110634025'),
(108, '1110634039'),
(109, '1110634025'),
(110, '1110634029'),
(110, '1110634039'),
(110, '1110634025'),
(110, '1110634040'),
(111, '1110634029'),
(111, '1110634039'),
(111, '1110634040'),
(111, '1110634025'),
(112, '1110634029'),
(112, '1110634040'),
(112, '1110634039'),
(112, '1110634025'),
(113, '1110634039'),
(113, '1110634029'),
(113, '1110634025'),
(113, '1110634040'),
(114, '1110634029'),
(114, '1110634039'),
(114, '1110634025'),
(115, '1110634029'),
(115, '1110634039'),
(115, '1110634025'),
(114, '1110634040'),
(115, '1110634040'),
(116, '1110634029'),
(116, '1110634025'),
(116, '1110634039'),
(117, '1110634029'),
(116, '1110634040'),
(117, '1110634025'),
(117, '1110634040'),
(117, '1110634039'),
(119, '1110634029'),
(118, '1110634040'),
(118, '1110634025'),
(118, '1110634039'),
(118, '1110634029'),
(119, '1110634025'),
(119, '1110634039'),
(119, '1110634040'),
(120, '1110634029'),
(120, '1110634039'),
(120, '1110634025'),
(121, '1110634029'),
(120, '1110634040'),
(121, '1110634039'),
(121, '1110634025'),
(121, '1110634040'),
(122, '1110634039'),
(122, '1110634029'),
(123, '1110634040'),
(123, '1110634039'),
(125, '1110634029'),
(125, '1110634040'),
(125, '1110634025'),
(125, '1110634039'),
(122, '1110634040'),
(122, '1110634025'),
(123, '1110634025'),
(123, '1110634029'),
(126, '1110634029'),
(126, '1110634025'),
(129, '1110634040'),
(128, '1110634029'),
(129, '1110634025'),
(129, '1110634039'),
(126, '1110634039'),
(126, '1110634040'),
(129, '1110634029'),
(128, '1110634039'),
(128, '1110634025'),
(127, '1110634025'),
(127, '1110634039'),
(127, '1110634029'),
(128, '1110634040'),
(130, '1110634029'),
(124, '1110634040'),
(124, '1110634029'),
(130, '1110634040'),
(130, '1110634025'),
(130, '1110634039'),
(127, '1110634040'),
(124, '1110634025'),
(124, '1110634039'),
(131, '1110634029'),
(131, '1110634039'),
(131, '1110634025'),
(131, '1110634040'),
(132, '1110634029'),
(132, '1110634039'),
(132, '1110634025'),
(132, '1110634040'),
(133, '1110634025'),
(133, '1110634040'),
(133, '1110634029'),
(133, '1110634039'),
(134, '1110634029'),
(134, '1110634039'),
(134, '1110634025'),
(134, '1110634040'),
(135, '1110634039'),
(135, '1110634029'),
(135, '1110634001'),
(135, '1110634025'),
(135, '1110634000'),
(135, '1110634040'),
(136, '1110634029'),
(136, '1110634039'),
(136, '1110634001'),
(136, '1110634025'),
(136, '1110634000'),
(136, '1110634040'),
(137, '1110634029'),
(137, '1110634039'),
(137, '1110634001'),
(137, '1110634025'),
(137, '1110634000'),
(137, '1110634040'),
(138, '1110634029'),
(138, '1110634001'),
(138, '1110634039'),
(138, '1110634025'),
(138, '1110634000'),
(138, '1110634040'),
(139, '1110634029'),
(139, '1110634040'),
(139, '1110634039'),
(139, '1110634001'),
(139, '1110634000'),
(139, '1110634025'),
(140, '1110634029'),
(140, '1110634039'),
(140, '1110634001'),
(140, '1110634025'),
(140, '1110634000'),
(140, '1110634040'),
(141, '1110634029'),
(141, '1110634039'),
(141, '1110634001'),
(141, '1110634025'),
(141, '1110634000'),
(141, '1110634040'),
(142, '1110634040'),
(142, '1110634025'),
(142, '1110634039'),
(142, '1110634000'),
(142, '1110634001'),
(142, '1110634029'),
(143, '1110634000'),
(143, '1110634029'),
(143, '1110634040'),
(143, '1110634039'),
(143, '1110634001'),
(143, '1110634025'),
(144, '1110634029'),
(144, '1110634039'),
(144, '1110634001'),
(144, '1110634025'),
(144, '1110634000'),
(144, '1110634040'),
(145, '1110634029'),
(145, '1110634001'),
(145, '1110634039'),
(145, '1110634025'),
(145, '1110634000'),
(145, '1110634040'),
(146, '1110634000'),
(146, '1110634025'),
(146, '1110634039'),
(146, '1110634001'),
(146, '1110634029'),
(146, '1110634040'),
(147, '1110634029'),
(147, '1110634039'),
(147, '1110634001'),
(147, '1110634025'),
(147, '1110634000'),
(147, '1110634040'),
(148, '1110634029'),
(149, '1110634029'),
(150, '1110634029'),
(151, '1110634029'),
(152, '1110634029'),
(153, '1110634029'),
(154, '1110634029'),
(155, '1110634029'),
(156, '1110634029'),
(157, '1110634029'),
(158, '1110634029'),
(159, '1110634029'),
(160, '1110634029'),
(161, '1110634029'),
(162, '1110634029'),
(163, '1110634029'),
(164, '1110634029'),
(165, '1110634029'),
(166, '1110634029'),
(167, '1110634029'),
(168, '1110634029'),
(169, '1110634029'),
(170, '1110634029'),
(171, '1110634029'),
(172, '1110634029'),
(172, '1110634039'),
(172, '1110634040'),
(172, '1110634000'),
(172, '1110634025'),
(172, '1110634001'),
(173, '1110634029'),
(173, '1110634039'),
(173, '1110634001'),
(173, '1110634025'),
(173, '1110634040'),
(173, '1110634000'),
(174, '1110634029'),
(175, '1110634029'),
(176, '1110634029'),
(177, '1110634029'),
(178, '1110634029'),
(178, '1110634039'),
(178, '1110634001'),
(178, '1110634000'),
(178, '1110634040'),
(178, '1110634025'),
(179, '1110634029'),
(179, '1110634039'),
(179, '1110634001'),
(179, '1110634025'),
(179, '1110634040'),
(179, '1110634000'),
(180, '1110634029'),
(181, '1110634029'),
(182, '1110634029'),
(183, '1110634029'),
(184, '1110634029'),
(185, '1110634025'),
(186, '1110634025'),
(187, '1110634004'),
(188, '1110634025'),
(189, '1110634025'),
(190, '1110634002'),
(191, '1110634025'),
(192, '1110634025'),
(193, '1110634025'),
(194, '1110634025'),
(195, '1110634025'),
(196, '1110634025'),
(197, '1110634029'),
(197, '1110634039'),
(197, '1110634025'),
(197, '1110634000'),
(197, '1110634001'),
(197, '1110634040'),
(198, '1110634040'),
(198, '1110634039'),
(198, '1110634029'),
(198, '1110634025'),
(198, '1110634000'),
(198, '1110634001'),
(199, '1110634001'),
(199, '1110634029'),
(199, '1110634039'),
(199, '1110634000'),
(199, '1110634025'),
(199, '1110634040'),
(200, '1110634029'),
(200, '1110634006'),
(200, '1110634025'),
(200, '1110634040'),
(201, '1110634029'),
(201, '1110634006'),
(201, '1110634025'),
(201, '1110634040'),
(202, '1110634029'),
(202, '1110634006'),
(202, '1110634025'),
(202, '1110634040'),
(203, '1110634025'),
(203, '1110634040'),
(203, '1110634029'),
(203, '1110634006'),
(204, '1110634000'),
(204, '1110634029'),
(204, '1110634001'),
(204, '1110634025'),
(204, '1110634006'),
(204, '1110634040'),
(205, '1110634029'),
(206, '1110634025'),
(206, '1110634006'),
(206, '1110634029'),
(206, '1110634040'),
(207, '1110634025'),
(208, '1110634025'),
(209, '1110634029'),
(209, '1110634006'),
(209, '1110634040'),
(209, '1110634025'),
(210, '1110634025'),
(210, '1110634029'),
(210, '1110634006'),
(210, '1110634040'),
(211, '1110634029'),
(211, '1110634025'),
(211, '1110634006'),
(211, '1110634040'),
(212, '1110634029'),
(212, '1110634025'),
(212, '1110634006'),
(212, '1110634040'),
(213, '1110634029'),
(213, '1110634006'),
(213, '1110634025'),
(213, '1110634040'),
(214, '1110634029'),
(214, '1110634006'),
(214, '1110634025'),
(214, '1110634040'),
(215, '1110634029'),
(215, '1110634025'),
(215, '1110634006'),
(215, '1110634040'),
(216, '1110634029'),
(216, '1110634040'),
(216, '1110634006'),
(216, '1110634025'),
(217, '1110634029'),
(217, '1110634025'),
(217, '1110634006'),
(217, '1110634040'),
(218, '1110634029'),
(218, '1110634040'),
(218, '1110634006'),
(218, '1110634025'),
(219, '1110634029'),
(219, '1110634006'),
(219, '1110634025'),
(219, '1110634040'),
(220, '1110634029'),
(220, '1110634006'),
(220, '1110634025'),
(220, '1110634040'),
(221, '1110634029'),
(221, '1110634006'),
(221, '1110634025'),
(221, '1110634040'),
(222, '1110634029'),
(222, '1110634006'),
(222, '1110634025'),
(222, '1110634040'),
(223, '1110634029'),
(223, '1110634025'),
(223, '1110634006'),
(223, '1110634040'),
(224, '1110634029'),
(224, '1110634006'),
(224, '1110634025'),
(224, '1110634040'),
(225, '1110634029'),
(225, '1110634006'),
(225, '1110634025'),
(225, '1110634040'),
(226, '1110634029'),
(226, '1110634006'),
(226, '1110634025'),
(226, '1110634040'),
(227, '1110634029'),
(227, '1110634006'),
(227, '1110634025'),
(227, '1110634040'),
(228, '1110634029'),
(228, '1110634006'),
(228, '1110634025'),
(228, '1110634040'),
(229, '1110634029'),
(229, '1110634006'),
(229, '1110634025'),
(229, '1110634040'),
(230, '1110634025'),
(230, '1110634029'),
(230, '1110634006'),
(230, '1110634040'),
(231, '1110634025'),
(231, '1110634029'),
(231, '1110634040'),
(231, '1110634006'),
(232, '1110634029'),
(232, '1110634025'),
(232, '1110634006'),
(232, '1110634040'),
(233, '1110634029'),
(233, '1110634025'),
(233, '1110634006'),
(233, '1110634040'),
(234, '1110634029'),
(234, '1110634006'),
(234, '1110634040'),
(234, '1110634025'),
(235, '1110634029'),
(235, '1110634006'),
(235, '1110634040'),
(235, '1110634025'),
(236, '1110634029'),
(236, '1110634006'),
(236, '1110634025'),
(236, '1110634040'),
(237, '1110634029'),
(237, '1110634006'),
(237, '1110634025'),
(237, '1110634040'),
(238, '1110634029'),
(238, '1110634040'),
(238, '1110634006'),
(238, '1110634025'),
(239, '1110634029'),
(239, '1110634006'),
(239, '1110634025'),
(239, '1110634040'),
(240, '1110634029'),
(240, '1110634006'),
(240, '1110634025'),
(240, '1110634040'),
(241, '1110634029'),
(241, '1110634006'),
(241, '1110634025'),
(241, '1110634040'),
(242, '1110634029'),
(242, '1110634006'),
(242, '1110634025'),
(242, '1110634040'),
(243, '1110634029'),
(243, '1110634006'),
(243, '1110634025'),
(243, '1110634040'),
(244, '1110634029'),
(244, '1110634006'),
(244, '1110634025'),
(244, '1110634040'),
(245, '1110634029'),
(245, '1110634006'),
(245, '1110634025'),
(245, '1110634040'),
(246, '1110634029'),
(246, '1110634006'),
(246, '1110634025'),
(246, '1110634040'),
(247, '1110634029'),
(247, '1110634006'),
(247, '1110634040'),
(247, '1110634025'),
(248, '1110634029'),
(248, '1110634006'),
(248, '1110634025'),
(248, '1110634040'),
(249, '1110634029'),
(249, '1110634006'),
(249, '1110634025'),
(249, '1110634040'),
(250, '1110634025'),
(251, '1110634025'),
(252, '1110634025'),
(253, '1110634025'),
(254, '1110634025'),
(255, '1110634006'),
(255, '1110634029'),
(255, '1110634025'),
(255, '1110634040'),
(256, '1110634025'),
(257, '1110634029'),
(258, '1110634039'),
(258, '1110634029'),
(258, '1110634001'),
(258, '1110634006'),
(258, '1110634025'),
(258, '1110634000');

-- --------------------------------------------------------

--
-- 資料表結構 `officer`
--

DROP TABLE IF EXISTS `officer`;
CREATE TABLE `officer` (
  `permission` varchar(10) NOT NULL DEFAULT '一般幹部',
  `position` varchar(10) NOT NULL,
  `sID` char(10) NOT NULL
) ENGINE=InnoDB DEFAULT CHARSET=utf8 COMMENT='幹部';

--
-- 資料表新增資料前，先清除舊資料 `officer`
--

TRUNCATE TABLE `officer`;
--
-- 傾印資料表的資料 `officer`
--

INSERT INTO `officer` (`permission`, `position`, `sID`) VALUES
('一般幹部', '公關長', '1110634003'),
('組織負責人', '副會長', '1110634029'),
('一般幹部', '器材長', '1110634015'),
('組織負責人', '會長', '1110634039'),
('財務負責人', '活動長', '1110634006'),
('會議負責人', '秘書長', '1110634001'),
('一般幹部', '美宣長', '1110634002'),
('財務負責人', '財務長', '1110634025'),
('會議負責人', '資訊長', '1110634000');

-- --------------------------------------------------------

--
-- 資料表結構 `statement`
--

DROP TABLE IF EXISTS `statement`;
CREATE TABLE `statement` (
  `ID` int(11) NOT NULL,
  `category` int(11) NOT NULL,
  `name` varchar(20) NOT NULL,
  `date` datetime NOT NULL,
  `status` char(1) NOT NULL,
  `uploadBy` varchar(10) NOT NULL,
  `balance` int(11) NOT NULL
) ENGINE=InnoDB DEFAULT CHARSET=utf8 COMMENT='財務報表';

--
-- 資料表新增資料前，先清除舊資料 `statement`
--

TRUNCATE TABLE `statement`;
--
-- 傾印資料表的資料 `statement`
--

INSERT INTO `statement` (`ID`, `category`, `name`, `date`, `status`, `uploadBy`, `balance`) VALUES
(1, 0, '【108】六月份', '2019-07-10 00:00:00', '1', '財務長', 70058),
(2, 0, '【108】七月份', '2019-08-10 01:03:39', '1', '財務長', 55138),
(4, 0, '【108】八月份', '2019-09-10 01:03:42', '1', '財務長', 52723),
(5, 0, '【108】九月份', '2019-10-10 01:03:47', '1', '財務長', 242056),
(6, 0, '【108】十月份', '2019-11-10 00:00:00', '1', '財務長', 101859),
(7, 0, '【108】十一月份', '2019-12-10 00:00:00', '1', '財務長', 117503),
(8, 0, '【108】十二月份', '2020-01-10 00:00:00', '1', '財務長', 117119),
(9, 0, '【108】一月份', '2020-02-10 00:00:00', '1', '財務長', 117217),
(10, 0, '【108】二月份', '2020-03-10 00:00:00', '1', '財務長', 117217),
(11, 0, '【108】三月份', '2020-04-10 00:00:00', '1', '財務長', 113909),
(12, 0, '【108】四月份', '2020-05-10 00:00:00', '1', '財務長', 113909),
(13, 0, '【108】五月份', '2020-06-10 00:00:00', '1', '財務長', 113868),
(14, 0, '【108】六月份', '2020-07-10 00:00:00', '1', '財務長', 100412),
(15, 0, '第28屆校長遴選', '2021-12-03 00:00:00', '4', '財務長', 0);

--
-- 觸發器 `statement`
--
DROP TRIGGER IF EXISTS `statement_DELETE`;
DELIMITER $$
CREATE TRIGGER `statement_DELETE` AFTER DELETE ON `statement` FOR EACH ROW BEGIN

INSERT INTO logs (who,action,content,type,objectID) VALUES ((SELECT sID FROM officer WHERE officer.position=OLD.uploadBy),"刪除","財務報表","statement",OLD.ID);

END
$$
DELIMITER ;
DROP TRIGGER IF EXISTS `statement_INSERT`;
DELIMITER $$
CREATE TRIGGER `statement_INSERT` AFTER INSERT ON `statement` FOR EACH ROW BEGIN

INSERT INTO logs (who,action,content,type,objectID) VALUES ((SELECT sID FROM officer WHERE officer.position=NEW.uploadBy),"新增","財務報表","statement",NEW.ID);

END
$$
DELIMITER ;
DROP TRIGGER IF EXISTS `statement_UPDATE_CONTENT`;
DELIMITER $$
CREATE TRIGGER `statement_UPDATE_CONTENT` AFTER UPDATE ON `statement` FOR EACH ROW IF OLD.status = NEW.status THEN

INSERT INTO logs (who,action,content,type,objectID) VALUES ((SELECT sID FROM officer WHERE officer.position=OLD.uploadBy),"修改","財務報表","statement",OLD.ID);

END IF
$$
DELIMITER ;
DROP TRIGGER IF EXISTS `statement_UPDATE_STATUS`;
DELIMITER $$
CREATE TRIGGER `statement_UPDATE_STATUS` AFTER UPDATE ON `statement` FOR EACH ROW IF OLD.status <> NEW.status THEN

INSERT INTO logs (who,action,content,type,objectID) VALUES ((SELECT sID FROM officer WHERE officer.position=OLD.uploadBy),"修改",NEW.status,"statement",OLD.ID);

END IF
$$
DELIMITER ;

-- --------------------------------------------------------

--
-- 資料表結構 `statement_comment`
--

DROP TABLE IF EXISTS `statement_comment`;
CREATE TABLE `statement_comment` (
  `statementID` int(11) NOT NULL,
  `commentID` int(11) NOT NULL
) ENGINE=InnoDB DEFAULT CHARSET=utf8;

--
-- 資料表新增資料前，先清除舊資料 `statement_comment`
--

TRUNCATE TABLE `statement_comment`;
--
-- 傾印資料表的資料 `statement_comment`
--

INSERT INTO `statement_comment` (`statementID`, `commentID`) VALUES
(13, 20),
(14, 10),
(14, 11);

--
-- 已傾印資料表的索引
--

--
-- 資料表索引 `absentees`
--
ALTER TABLE `absentees`
  ADD PRIMARY KEY (`conference`,`absentees`),
  ADD KEY `officer_absentees` (`absentees`);

--
-- 資料表索引 `account`
--
ALTER TABLE `account`
  ADD PRIMARY KEY (`ID`,`category`) USING BTREE,
  ADD KEY `category_ID_account` (`category`),
  ADD KEY `officer_position_account` (`uploadBy`);

--
-- 資料表索引 `account_comment`
--
ALTER TABLE `account_comment`
  ADD PRIMARY KEY (`accountID`,`commentID`);

--
-- 資料表索引 `attendees`
--
ALTER TABLE `attendees`
  ADD PRIMARY KEY (`conference`,`attendees`),
  ADD KEY `officer_attendees` (`attendees`);

--
-- 資料表索引 `category`
--
ALTER TABLE `category`
  ADD PRIMARY KEY (`ID`);

--
-- 資料表索引 `comment`
--
ALTER TABLE `comment`
  ADD PRIMARY KEY (`ID`),
  ADD KEY `sID_comment` (`sID`);

--
-- 資料表索引 `conference`
--
ALTER TABLE `conference`
  ADD PRIMARY KEY (`ID`) USING BTREE,
  ADD KEY `category_ID_conference` (`category`),
  ADD KEY `recorder` (`recorder`),
  ADD KEY `host` (`host`);

--
-- 資料表索引 `conference_comment`
--
ALTER TABLE `conference_comment`
  ADD PRIMARY KEY (`conferenceID`,`commentID`),
  ADD KEY `comment_ID_confernece` (`commentID`);

--
-- 資料表索引 `content`
--
ALTER TABLE `content`
  ADD PRIMARY KEY (`statement`,`account`),
  ADD KEY `account_ID` (`account`);

--
-- 資料表索引 `logs`
--
ALTER TABLE `logs`
  ADD PRIMARY KEY (`ID`),
  ADD KEY `who` (`who`);

--
-- 資料表索引 `member`
--
ALTER TABLE `member`
  ADD PRIMARY KEY (`sID`);

--
-- 資料表索引 `notification`
--
ALTER TABLE `notification`
  ADD PRIMARY KEY (`ID`),
  ADD KEY `logID` (`eventsID`);

--
-- 資料表索引 `notification_member`
--
ALTER TABLE `notification_member`
  ADD KEY `notificationID` (`notificationID`),
  ADD KEY `notification_sID` (`sID`);

--
-- 資料表索引 `officer`
--
ALTER TABLE `officer`
  ADD PRIMARY KEY (`position`) USING BTREE;

--
-- 資料表索引 `statement`
--
ALTER TABLE `statement`
  ADD PRIMARY KEY (`ID`) USING BTREE,
  ADD KEY `officer_position_statement` (`uploadBy`),
  ADD KEY `category_ID_statement` (`category`);

--
-- 資料表索引 `statement_comment`
--
ALTER TABLE `statement_comment`
  ADD PRIMARY KEY (`statementID`,`commentID`);

--
-- 在傾印的資料表使用自動遞增(AUTO_INCREMENT)
--

--
-- 使用資料表自動遞增(AUTO_INCREMENT) `account`
--
ALTER TABLE `account`
  MODIFY `ID` int(11) NOT NULL AUTO_INCREMENT, AUTO_INCREMENT=190;

--
-- 使用資料表自動遞增(AUTO_INCREMENT) `category`
--
ALTER TABLE `category`
  MODIFY `ID` int(11) NOT NULL AUTO_INCREMENT, AUTO_INCREMENT=22;

--
-- 使用資料表自動遞增(AUTO_INCREMENT) `comment`
--
ALTER TABLE `comment`
  MODIFY `ID` int(11) NOT NULL AUTO_INCREMENT, AUTO_INCREMENT=28;

--
-- 使用資料表自動遞增(AUTO_INCREMENT) `conference`
--
ALTER TABLE `conference`
  MODIFY `ID` int(11) NOT NULL AUTO_INCREMENT, AUTO_INCREMENT=19;

--
-- 使用資料表自動遞增(AUTO_INCREMENT) `logs`
--
ALTER TABLE `logs`
  MODIFY `ID` int(11) NOT NULL AUTO_INCREMENT, AUTO_INCREMENT=295;

--
-- 使用資料表自動遞增(AUTO_INCREMENT) `notification`
--
ALTER TABLE `notification`
  MODIFY `ID` int(11) NOT NULL AUTO_INCREMENT, AUTO_INCREMENT=259;

--
-- 使用資料表自動遞增(AUTO_INCREMENT) `statement`
--
ALTER TABLE `statement`
  MODIFY `ID` int(11) NOT NULL AUTO_INCREMENT, AUTO_INCREMENT=16;

--
-- 已傾印資料表的限制式
--

--
-- 資料表的限制式 `absentees`
--
ALTER TABLE `absentees`
  ADD CONSTRAINT `confernece_ID_absentees` FOREIGN KEY (`conference`) REFERENCES `conference` (`ID`) ON DELETE CASCADE ON UPDATE CASCADE,
  ADD CONSTRAINT `officer_absentees` FOREIGN KEY (`absentees`) REFERENCES `officer` (`position`) ON DELETE CASCADE ON UPDATE CASCADE;

--
-- 資料表的限制式 `account`
--
ALTER TABLE `account`
  ADD CONSTRAINT `category_ID_account` FOREIGN KEY (`category`) REFERENCES `category` (`ID`) ON DELETE CASCADE ON UPDATE CASCADE;

--
-- 資料表的限制式 `attendees`
--
ALTER TABLE `attendees`
  ADD CONSTRAINT `confernece_ID_attendees` FOREIGN KEY (`conference`) REFERENCES `conference` (`ID`) ON DELETE CASCADE ON UPDATE CASCADE,
  ADD CONSTRAINT `officer_attendees` FOREIGN KEY (`attendees`) REFERENCES `officer` (`position`) ON DELETE CASCADE ON UPDATE CASCADE;

--
-- 資料表的限制式 `conference`
--
ALTER TABLE `conference`
  ADD CONSTRAINT `confernece_category` FOREIGN KEY (`category`) REFERENCES `category` (`ID`) ON DELETE CASCADE ON UPDATE CASCADE;

--
-- 資料表的限制式 `conference_comment`
--
ALTER TABLE `conference_comment`
  ADD CONSTRAINT `comment_ID_confernece` FOREIGN KEY (`commentID`) REFERENCES `comment` (`ID`) ON DELETE CASCADE ON UPDATE CASCADE,
  ADD CONSTRAINT `confernece_ID_comment` FOREIGN KEY (`conferenceID`) REFERENCES `conference` (`ID`) ON DELETE CASCADE ON UPDATE CASCADE;

--
-- 資料表的限制式 `content`
--
ALTER TABLE `content`
  ADD CONSTRAINT `account_ID` FOREIGN KEY (`account`) REFERENCES `account` (`ID`) ON DELETE CASCADE ON UPDATE CASCADE,
  ADD CONSTRAINT `statement_ID` FOREIGN KEY (`statement`) REFERENCES `statement` (`ID`) ON DELETE CASCADE ON UPDATE CASCADE;

--
-- 資料表的限制式 `logs`
--
ALTER TABLE `logs`
  ADD CONSTRAINT `who` FOREIGN KEY (`who`) REFERENCES `member` (`sID`) ON DELETE CASCADE ON UPDATE CASCADE;

--
-- 資料表的限制式 `notification`
--
ALTER TABLE `notification`
  ADD CONSTRAINT `logID` FOREIGN KEY (`eventsID`) REFERENCES `logs` (`ID`) ON DELETE CASCADE ON UPDATE CASCADE;

--
-- 資料表的限制式 `notification_member`
--
ALTER TABLE `notification_member`
  ADD CONSTRAINT `notificationID` FOREIGN KEY (`notificationID`) REFERENCES `notification` (`ID`) ON DELETE CASCADE ON UPDATE CASCADE,
  ADD CONSTRAINT `notification_sID` FOREIGN KEY (`sID`) REFERENCES `member` (`sID`) ON DELETE CASCADE ON UPDATE CASCADE;
COMMIT;

/*!40101 SET CHARACTER_SET_CLIENT=@OLD_CHARACTER_SET_CLIENT */;
/*!40101 SET CHARACTER_SET_RESULTS=@OLD_CHARACTER_SET_RESULTS */;
/*!40101 SET COLLATION_CONNECTION=@OLD_COLLATION_CONNECTION */;
